-- phpMyAdmin SQL Dump
-- version 5.2.1
-- https://www.phpmyadmin.net/
--
-- Servidor: 127.0.0.1
-- Tiempo de generación: 08-07-2024 a las 14:15:26
-- Versión del servidor: 10.4.32-MariaDB
-- Versión de PHP: 8.2.12

SET SQL_MODE = "NO_AUTO_VALUE_ON_ZERO";
START TRANSACTION;
SET time_zone = "+00:00";


/*!40101 SET @OLD_CHARACTER_SET_CLIENT=@@CHARACTER_SET_CLIENT */;
/*!40101 SET @OLD_CHARACTER_SET_RESULTS=@@CHARACTER_SET_RESULTS */;
/*!40101 SET @OLD_COLLATION_CONNECTION=@@COLLATION_CONNECTION */;
/*!40101 SET NAMES utf8mb4 */;

--
-- Base de datos: `cine_v2`
--
CREATE DATABASE IF NOT EXISTS `cine_v2` DEFAULT CHARACTER SET utf8mb4 COLLATE utf8mb4_general_ci;
USE `cine_v2`;

-- --------------------------------------------------------

--
-- Estructura de tabla para la tabla `actores`
--

CREATE TABLE `actores` (
  `pk_id_actor` int(11) NOT NULL,
  `nombre_actor` varchar(100) NOT NULL,
  `foto_actor` varchar(100) DEFAULT NULL,
  `edad_actor` tinyint(4) DEFAULT NULL,
  `fecha_nacimiento_actor` date DEFAULT NULL,
  `nacionalidad_actor` varchar(50) DEFAULT NULL,
  `oscar` char(1) DEFAULT NULL,
  `actor_fallecido` char(1) DEFAULT NULL
) ENGINE=InnoDB DEFAULT CHARSET=utf8mb4 COLLATE=utf8mb4_general_ci;

--
-- Volcado de datos para la tabla `actores`
--

INSERT INTO `actores` (`pk_id_actor`, `nombre_actor`, `foto_actor`, `edad_actor`, `fecha_nacimiento_actor`, `nacionalidad_actor`, `oscar`, `actor_fallecido`) VALUES
(1, 'Robert de Niro', 'img/generica.png', 79, NULL, 'USA', 'S', NULL),
(2, 'Harrison Ford', 'img/generica.png', 80, NULL, 'USA', 'N', NULL),
(3, 'Tom Cruise', 'img/generica.png', 60, NULL, 'USA', 'N', NULL),
(4, 'Chris Pine', 'img/generica.png', 42, NULL, 'USA', 'N', NULL),
(5, 'Javier Bardem', 'img/generica.png', 54, NULL, 'España', 'S', NULL),
(6, 'Antonio Banderas', 'img/generica.png', 62, NULL, 'España', 'N', NULL),
(7, 'Santiago Segura', 'img/generica.png', 56, NULL, 'España', 'N', NULL),
(8, 'Michael Fassbender', 'img/generica.png', 46, NULL, 'Alemania', 'N', NULL),
(9, 'Robert Downey Jr.', 'img/generica.png', 58, NULL, 'USA', 'N', NULL),
(10, 'John Wayne', 'img/generica.png', 72, NULL, 'USA', 'S', 'S'),
(11, 'Viggo Mortensen', 'img/generica.png', 64, NULL, 'USA', 'N', NULL),
(12, 'Elijah Wood', 'img/generica.png', 42, NULL, 'USA', 'N', NULL),
(13, 'Pierce Brosnan', 'img/generica.png', 70, NULL, 'Irlanda', 'N', NULL),
(14, 'Edward Fox', 'img/generica.png', 86, NULL, 'UK', 'N', 'N'),
(15, 'Eneko Sagardoy Mujika', 'img/generica.png', 29, NULL, 'España', 'N', NULL),
(16, 'Patrick Gibson', 'img/generica.png', 28, NULL, 'Irlanda', 'N', NULL),
(17, 'Daniel Craig', 'img/generica.png', 55, NULL, 'UK', 'N', NULL),
(18, 'Matt Damon', 'img/generica.png', 52, NULL, 'USA', 'N', NULL),
(19, 'Sharlto Copley', 'img/generica.png', 49, NULL, 'Sudáfrica', 'N', NULL),
(20, 'Martin Freeman', 'img/generica.png', 51, NULL, 'UK', 'N', NULL),
(21, 'Peter O\'Toole', 'img/generica.png', 81, NULL, 'UK', 'S', 'S'),
(22, 'Mark Wahlberg', 'img/generica.png', 52, NULL, 'USA', 'N', NULL),
(23, 'Christian Bale', 'img/generica.png', 49, NULL, 'UK', 'S', NULL),
(24, 'Robert Pattinson', 'img/generica.png', 37, NULL, 'UK', 'N', NULL),
(25, 'Sam Worthington', 'img/generica.png', 46, NULL, 'Australia', 'N', NULL),
(26, 'Tobey Maguire', 'img/generica.png', 47, NULL, 'USA', 'N', NULL),
(27, 'Paul Newman', 'img/generica.png', 83, NULL, 'USA', 'S', 'S'),
(28, 'Robin Williams', 'img/generica.png', 63, NULL, 'USA', 'S', 'S'),
(29, 'Val Kilmer', 'img/generica.png', 63, NULL, 'USA', 'N', NULL),
(30, 'Arnold Schwarzenegger', 'img/generica.png', 75, NULL, 'Austria', 'N', NULL),
(31, 'Alexander Skarsgård', 'img/generica.png', 46, NULL, 'Suecia', 'N', NULL),
(32, 'Christopher Reeve', 'img/generica.png', 52, NULL, 'USA', 'N', 'S'),
(33, 'Josh Brolin', 'img/generica.png', 55, NULL, 'USA', 'N', NULL),
(34, 'Sylvester Stallone', 'img/generica.png', 76, NULL, 'USA', 'N', NULL),
(35, 'Armie Hammer', 'img/generica.png', 36, NULL, 'USA', 'N', NULL),
(36, 'Kevin Costner', 'img/generica.png', 68, NULL, 'USA', 'S', NULL),
(37, 'Marc Singer', 'img/generica.png', 75, NULL, 'Canadá', 'N', NULL),
(38, 'Clive Owen', 'img/generica.png', 59, NULL, 'UK', 'N', NULL),
(39, 'Charlie Hunnam', 'img/generica.png', 43, NULL, 'UK', 'N', NULL),
(40, 'Chris Hemsworth', 'img/generica.png', 39, NULL, 'Australia', 'N', NULL),
(41, 'Christopher Lambert', 'img/generica.png', 66, NULL, 'USA', 'N', NULL),
(42, 'Michael Douglas', 'img/generica.png', 78, NULL, 'USA', 'S', NULL),
(43, 'Timothée Chalamet', 'img/generica.png', 27, NULL, 'Francia', 'N', NULL),
(44, 'Brendan Fraser', 'img/generica.png', 55, NULL, 'USA', 'S', NULL),
(45, 'Bruce Willis', 'img/generica.png', 68, NULL, 'USA', 'N', NULL),
(46, 'Dwayne Johnson', 'img/generica.png', 51, NULL, 'USA', 'N', NULL),
(47, 'Jim Carrey', 'img/generica.png', 61, NULL, 'Canadá', 'N', NULL),
(48, 'Clint Eastwood', 'img/generica.png', 93, NULL, 'USA', 'S', NULL),
(49, 'Patrick Wilson', 'img/generica.png', 50, NULL, 'USA', 'N', NULL),
(50, 'Gerard Butler', 'img/generica.png', 53, NULL, 'UK', 'N', NULL),
(51, 'Sullivan Stapleton', 'img/generica.png', 46, NULL, 'Australia', 'N', NULL),
(52, 'Michael J. Fox', 'img/generica.png', 62, NULL, 'USA', 'N', NULL),
(53, 'Kurt Russell', 'img/generica.png', 72, NULL, 'USA', 'N', NULL),
(54, 'Henry Cavill', 'img/generica.png', 40, NULL, 'UK', 'N', NULL),
(55, 'Cary Grant', 'img/generica.png', 82, NULL, 'UK', 'N', 'S'),
(56, 'Ryan Reynolds', 'img/generica.png', 46, NULL, 'Canadá', 'N', NULL),
(57, 'Hugh Jackman', 'img/generica.png', 55, NULL, 'Australia', 'N', NULL),
(58, 'Jason Momoa', 'img/generica.png', 44, NULL, 'USA', 'N', NULL),
(59, 'Ezra Miller', 'img/generica.png', 30, NULL, 'USA', 'N', NULL),
(60, 'Chris Evans', 'img/generica.png', 42, NULL, 'USA', 'N', NULL),
(61, 'Kenneth Branagh', 'img/generica.png', 63, NULL, 'UK', 'S', NULL),
(62, 'Charlie Cox', 'img/generica.png', 40, NULL, 'UK', 'N', NULL),
(63, 'Jeff Bridges', 'img/generica.png', 73, NULL, 'USA', 'S', NULL),
(64, 'Dominic West', 'img/generica.png', 53, NULL, 'UK', 'N', NULL),
(65, 'Hugo Weaving', 'img/generica.png', 63, NULL, 'UK', 'N', NULL),
(66, 'Tom Hiddleston', 'img/generica.png', 42, NULL, 'UK', 'N', NULL),
(67, 'Samuel L. Jackson', 'img/generica.png', 74, NULL, 'USA', 'S', NULL),
(68, 'Cary Elwes', 'img/generica.png', 60, NULL, 'UK', 'N', NULL),
(69, 'Alec Baldwin', 'img/generica.png', 65, NULL, 'USA', 'N', NULL),
(70, 'Bill Campbell', 'img/generica.png', 64, NULL, 'USA', 'N', NULL),
(71, 'Billy Zane', 'img/generica.png', 57, NULL, 'USA', 'N', NULL),
(72, 'Garrett Hedlund', 'img/generica.png', 39, NULL, 'USA', 'N', NULL),
(73, 'Taylor Kitsch', 'img/generica.png', 42, NULL, 'Canadá', 'N', NULL),
(74, 'Travis Fimmel', 'img/generica.png', 43, NULL, 'Australia', 'N', NULL),
(75, 'Asa Butterfield', 'img/generica.png', 26, NULL, 'UK', 'N', NULL),
(77, 'Will Smith', 'img/generica.png', 54, NULL, 'USA', 'S', NULL),
(78, 'Jeff Goldblum', 'img/generica.png', 70, NULL, 'USA', 'N', NULL),
(79, 'Yul Brynner', 'img/generica.png', 65, NULL, 'Suiza', 'S', 'S'),
(80, 'Denzel Washington', 'img/generica.png', 69, NULL, 'USA', 'S', NULL),
(81, 'Sam J. Jones', 'img/generica.png', 68, NULL, 'USA', 'N', NULL),
(82, 'David Niven', 'img/generica.png', 73, NULL, 'UK', 'S', 'S'),
(83, 'Guy Pearce', 'img/generica.png', 56, NULL, 'Australia', 'N', NULL),
(84, 'Rod Taylor', 'img/generica.png', 84, NULL, 'USA', 'N', 'S'),
(85, 'Gregory Peck', 'img/generica.png', 87, NULL, 'USA', 'S', 'S'),
(86, 'Matthew Broderick', 'img/generica.png', 61, NULL, 'USA', 'N', NULL),
(87, 'Walter Pidgeon', 'img/generica.png', 87, NULL, 'Canadá', 'N', 'S'),
(88, 'Karl Urban', 'img/generica.png', 51, NULL, 'Nueva Zelanda', 'N', NULL),
(89, 'Gary Cooper', 'img/generica.png', 60, NULL, 'USA', 'S', 'S'),
(90, 'Ben Affleck', 'img/generica.png', 50, NULL, 'USA', 'S', NULL),
(91, 'Zachary Levi', 'img/generica.png', 43, NULL, 'USA', 'N', NULL),
(92, 'Taron Egerton', 'img/generica.png', 33, NULL, 'UK', 'N', NULL),
(93, 'Ewan McGregor', 'img/generica.png', 52, NULL, 'UK', 'N', NULL),
(94, 'Paul Rudd', 'img/generica.png', 54, NULL, 'USA', 'N', NULL),
(95, 'Hugh Grant', 'img/generica.png', 63, NULL, 'UK', 'N', NULL),
(96, 'Jake Gyllenhaal', 'img/generica.png', 42, NULL, 'USA', 'N', NULL),
(97, 'Keanu Reeves', 'img/generica.png', 58, NULL, 'Canadá', 'N', NULL),
(98, 'Benedict Cumberbatch', 'img/generica.png', 46, NULL, 'UK', 'N', NULL),
(99, 'Harry Hamlin', 'img/generica.png', 71, NULL, 'USA', 'N', NULL),
(101, 'Matthew Modine', 'img/generica.png', 64, NULL, 'USA', 'N', NULL),
(102, 'Edward Norton', 'img/generica.png', 53, NULL, 'USA', 'N', NULL),
(103, 'Mark Ruffalo', 'img/generica.png', 55, NULL, 'USA', 'N', NULL),
(104, 'Bradley Cooper', 'img/generica.png', 48, NULL, 'USA', 'N', NULL),
(105, 'Oscar Isaac', 'img/generica.png', 44, NULL, 'USA', 'N', NULL),
(106, 'Ryan Gosling', 'img/generica.png', 42, NULL, 'Canadá', 'N', NULL),
(107, 'Mackenyu Arata', 'img/generica.png', 26, NULL, 'USA', 'N', NULL),
(108, 'James Franco', 'img/generica.png', 45, NULL, 'USA', 'N', NULL),
(110, 'Frank Morgan', 'img/generica.png', 59, NULL, 'USA', 'N', 'S'),
(111, 'Ben Stiller', 'img/generica.png', 58, NULL, 'USA', 'N', NULL),
(112, 'Liam Neeson', 'img/generica.png', 71, NULL, 'UK', 'N', NULL),
(113, 'Todd Armstrong', 'img/generica.png', 55, NULL, 'USA', 'N', 'S'),
(114, 'Kellan Lutz', 'img/generica.png', 38, NULL, 'USA', 'N', NULL),
(115, 'Sin actor', NULL, NULL, NULL, '', NULL, NULL),
(116, 'Tye Sheridan', 'img/generica.png', 27, NULL, 'USA', 'N', NULL),
(117, 'John David Washington', 'img/generica.png', 38, NULL, 'USA', 'N', NULL),
(118, 'Peter MacNicol', 'img/generica.png', 69, NULL, 'USA', 'N', NULL),
(119, 'Daniel Day-Lewis', 'img/generica.png', 66, NULL, 'Irlanda', 'S', NULL),
(120, 'Hayden Christensen', 'img/generica.png', 42, NULL, 'Canadá', 'N', NULL),
(121, 'Adam Driver', 'img/generica.png', 40, NULL, 'USA', 'N', NULL),
(122, 'Kevin Bacon', 'img/generica.png', 65, NULL, 'USA', 'N', NULL),
(123, 'Kenny Wormald', 'img/generica.png', 39, NULL, 'USA', 'N', NULL),
(124, 'Joel Courtney', 'img/generica.png', 27, NULL, 'USA', 'N', NULL),
(125, 'Russell Crowe', 'img/generica.png', 59, NULL, 'Nueva Zelanda', 'S', NULL),
(126, 'Brian Bloom', 'img/generica.png', 53, NULL, 'USA', 'N', NULL),
(127, 'Lee Van Cleef', 'img/fotos/actores/Lee_Van_Cleef.jpg', 64, NULL, 'USA', 'N', 'S'),
(128, 'John Cena', 'img/generica.png', 46, NULL, 'USA', 'N', 'N'),
(129, 'Idris Elba', 'img/generica.png', 51, NULL, 'UK', 'N', 'N'),
(130, 'Glen Powell', 'img/generica.png', 35, NULL, 'USA', 'N', NULL),
(131, 'Sylvester Stallone', 'img/generica.png', 77, NULL, 'USA', 'N', NULL),
(134, 'Logan Lerman', 'img/fotos/actores/actor_logan.jpg', 32, '1992-01-19', 'USA', 'S', 'N'),
(136, 'Steve Carell', 'img/fotos/actores/actor_steve.jpg', 61, '1962-08-16', 'USA', 'N', 'N'),
(137, 'John Krasinski', 'img/fotos/actores/actor_john.png', 44, '1979-10-20', 'USA', 'N', 'N'),
(139, 'Eddie Marsan', 'img/fotos/actores/actor_eddie.jpg', 56, '1968-06-09', 'UK', 'N', 'N');

-- --------------------------------------------------------

--
-- Estructura de tabla para la tabla `actrices`
--

CREATE TABLE `actrices` (
  `pk_id_actriz` int(11) NOT NULL,
  `nombre_actriz` varchar(100) NOT NULL,
  `foto_actriz` varchar(100) DEFAULT NULL,
  `edad_actriz` tinyint(4) DEFAULT NULL,
  `fecha_nacimiento_actriz` date DEFAULT NULL,
  `nacionalidad_actriz` varchar(50) DEFAULT NULL,
  `oscar_actriz` char(1) DEFAULT NULL,
  `actriz_fallecida` char(1) DEFAULT NULL
) ENGINE=InnoDB DEFAULT CHARSET=utf8mb4 COLLATE=utf8mb4_general_ci;

--
-- Volcado de datos para la tabla `actrices`
--

INSERT INTO `actrices` (`pk_id_actriz`, `nombre_actriz`, `foto_actriz`, `edad_actriz`, `fecha_nacimiento_actriz`, `nacionalidad_actriz`, `oscar_actriz`, `actriz_fallecida`) VALUES
(1, 'Anne Hathaway', 'img/generica_2.png', 40, NULL, 'USA', 'S', NULL),
(2, 'Phoebe Waller-Bridge', 'img/fotos/actrices/phoebe_waller_bridge.jpg', 37, NULL, 'UK', 'N', NULL),
(3, 'Jennifer Connelly', 'img/fotos/actrices/jennifer_connelly.jpg', 52, NULL, 'USA', 'N', NULL),
(4, 'Michelle Rodriguez', 'img/generica_2.png', 44, NULL, 'USA', 'N', NULL),
(5, 'Nicole Kidman', 'img/generica_2.png', 55, NULL, 'Australia', 'S', NULL),
(6, 'Salma Hayek', 'img/generica_2.png', 56, NULL, 'México', 'N', NULL),
(7, 'Neus Asensi', 'img/generica_2.png', 57, NULL, 'España', 'N', NULL),
(8, 'Charlize Theron', 'img/fotos/actrices/Charlize-theron2.jpg', 47, NULL, 'Sudáfrica', 'S', NULL),
(9, 'Karen Allen', 'img/generica_2.png', 71, NULL, 'USA', 'N', NULL),
(10, 'Kate Capshaw', 'img/generica_2.png', 69, NULL, 'USA', 'N', NULL),
(11, 'Cate Blanchett', 'img/generica_2.png', 53, NULL, 'Australia', 'S', NULL),
(12, 'Alison Doody', 'img/generica_2.png', 56, NULL, 'Irlanda', 'N', NULL),
(13, 'Scarlett Johansson', 'img/generica_2.png', 38, NULL, 'USA', 'N', NULL),
(14, 'Amy Adams', 'img/generica_2.png', 48, NULL, 'USA', 'N', NULL),
(15, 'Kathleen Turner', 'img/generica_2.png', 68, NULL, 'USA', 'N', NULL),
(16, 'Stephanie Zimbalist', 'img/generica_2.png', 66, NULL, 'USA', 'N', NULL),
(17, 'Delphine Seyrig', 'img/generica_2.png', 58, NULL, 'Francia', 'N', NULL),
(18, 'Edurne Azkarate', 'img/generica_2.png', 30, NULL, 'España', 'N', NULL),
(19, 'Sophie Wilde', 'img/generica_2.png', 33, NULL, 'Australia', 'N', NULL),
(20, 'Léa Seydoux', 'img/generica_2.png', 37, NULL, 'Francia', 'N', NULL),
(21, 'Eva Green', 'img/generica_2.png', 42, NULL, 'Francia', 'N', NULL),
(22, 'Jodie Foster', 'img/generica_2.png', 60, NULL, 'USA', 'S', NULL),
(23, 'Sin actriz', 'img/generica_2.png', 0, NULL, '', '', NULL),
(24, 'Liv Tyler', 'img/generica_2.png', 45, NULL, 'USA', 'N', NULL),
(25, 'Barbara Cole', 'img/generica_2.png', 100, NULL, 'UK', 'N', NULL),
(26, 'Kelly McGillis', 'img/generica_2.png', 65, NULL, 'USA', 'N', NULL),
(27, 'Charlize Theron', 'img/fotos/actrices/Charlize-theron2.jpg', 47, NULL, 'Sudáfrica', 'S', NULL),
(28, 'Miranda Richardson', 'img/generica_2.png', 65, NULL, 'UK', 'N', NULL),
(29, 'Katie Holmes', 'img/generica_2.png', 44, NULL, 'USA', 'N', NULL),
(30, 'Maggie Gyllenhaal', 'img/generica_2.png', 45, NULL, 'USA', 'N', NULL),
(31, '', 'img/generica_2.png', 0, NULL, '', '', NULL),
(32, 'Maureen O\'Hara', 'img/generica_2.png', 95, NULL, 'Irlanda', 'N', 'S'),
(33, 'Zöe Kravitz', 'img/generica_2.png', 34, NULL, 'USA', 'N', NULL),
(34, 'Zoe Saldana', 'img/generica_2.png', 44, NULL, 'USA', 'N', NULL),
(35, 'Kirsten Dunst', 'img/generica_2.png', 41, NULL, 'USA', 'N', NULL),
(36, 'Olga Kurylenko', 'img/fotos/actrices/olga_kurylenko.jpg', 43, NULL, 'Ucrania', 'N', NULL),
(37, 'Diane Venora', 'img/generica_2.png', 70, NULL, 'USA', 'N', NULL),
(38, 'Elke Sommer', 'img/generica_2.png', 82, NULL, 'Alemania', 'N', NULL),
(39, 'Minnie Driver', 'img/generica_2.png', 53, NULL, 'UK', 'N', NULL),
(40, 'Joanne Whalley', 'img/generica_2.png', 61, NULL, 'UK', 'N', NULL),
(41, 'Carrie Fisher', 'img/generica_2.png', 60, NULL, 'USA', 'N', 'S'),
(42, 'Sandahl Bergman', 'img/generica_2.png', 71, NULL, 'USA', 'N', NULL),
(43, 'Margot Robbie', 'img/generica_2.png', 32, NULL, 'Australia', 'N', NULL),
(44, 'Anne Hathaway', 'img/generica_2.png', 40, NULL, 'USA', 'S', NULL),
(45, 'Margot Kidder', 'img/generica_2.png', 69, NULL, 'Canadá', 'N', 'S'),
(46, 'Martha Plimpton', 'img/generica_2.png', 52, NULL, 'USA', 'N', NULL),
(47, 'Talia Shire', 'img/generica_2.png', 77, NULL, 'USA', 'N', NULL),
(48, 'Ruth Wilson', 'img/generica_2.png', 41, NULL, 'UK', 'N', NULL),
(49, 'Mary McDonnell', 'img/generica_2.png', 71, NULL, 'USA', 'N', NULL),
(50, 'Tanya Roberts', 'img/generica_2.png', 65, NULL, 'USA', 'N', 'S'),
(51, 'Keira Knightley', 'img/generica_2.png', 38, NULL, 'UK', 'N', NULL),
(52, 'Natalie Portman', 'img/generica_2.png', 42, NULL, 'Israel', 'S', NULL),
(53, 'Astrid Bergès-Frisbey', 'img/generica_2.png', 37, NULL, 'España', 'N', NULL),
(54, 'Rinko Kikuchi', 'img/generica_2.png', 42, NULL, 'Japón', 'N', NULL),
(55, 'Roxanne Hart', 'img/generica_2.png', 71, NULL, 'USA', 'N', NULL),
(56, 'Jeanne Tripplehorn', 'img/generica_2.png', 60, NULL, 'USA', 'N', NULL),
(57, 'Rebecca Ferguson', 'img/generica_2.png', 39, NULL, 'Suecia', 'N', NULL),
(58, 'Zendaya', 'img/generica_2.png', 26, NULL, 'USA', 'N', NULL),
(59, 'Rachel Weisz', 'img/generica_2.png', 53, NULL, 'UK', 'S', NULL),
(60, 'Milla Jovovich', 'img/generica_2.png', 48, NULL, 'Ucrania', 'N', NULL),
(61, 'Kelly Hu', 'img/generica_2.png', 55, NULL, 'USA', 'N', NULL),
(62, 'Cameron Diaz', 'img/generica_2.png', 50, NULL, 'USA', 'N', NULL),
(63, 'Katherine Waterston', 'img/generica_2.png', 43, NULL, 'UK', 'N', NULL),
(64, 'Leslie Mann', 'img/generica_2.png', 51, NULL, 'USA', 'N', NULL),
(65, 'Frances Fisher', 'img/generica_2.png', 71, NULL, 'UK', 'N', NULL),
(66, 'Malin Akerman', 'img/generica_2.png', 45, NULL, 'Suecia', 'N', NULL),
(67, 'Lena Headey', 'img/generica_2.png', 49, NULL, 'UK', 'N', NULL),
(68, 'Lea Thompson', 'img/generica_2.png', 62, NULL, 'USA', 'N', NULL),
(69, 'Mary Steenburgen', 'img/generica_2.png', 70, NULL, 'USA', 'S', NULL),
(70, 'Kim Cattrall', 'img/generica_2.png', 66, NULL, 'UK', 'N', NULL),
(71, 'Gal Gadot', 'img/generica_2.png', 38, NULL, 'Israel', 'N', NULL),
(72, 'Amy Adams', 'img/generica_2.png', 48, NULL, 'Italia', 'N', NULL),
(73, 'Elizabeth Allen', 'img/generica_2.png', 77, NULL, 'USA', 'N', 'S'),
(74, 'Leslie Caron', 'img/generica_2.png', 92, NULL, 'Francia', 'N', NULL),
(75, 'Blake Lively', 'img/generica_2.png', 36, NULL, 'USA', 'N', NULL),
(76, 'Tao Okamoto', 'img/generica_2.png', 38, NULL, 'Japón', 'N', NULL),
(77, 'Amber Heard', 'img/generica_2.png', 37, NULL, 'USA', 'N', NULL),
(78, 'Sasha Calle', 'img/generica_2.png', 28, NULL, 'USA', 'N', NULL),
(79, 'Hayley Atwell', 'img/generica_2.png', 41, NULL, 'UK', 'N', NULL),
(80, 'Gwyneth Paltrow', 'img/generica_2.png', 50, NULL, 'USA', 'S', NULL),
(81, 'Michelle Pfeiffer', 'img/generica_2.png', 65, NULL, 'USA', 'N', NULL),
(82, 'Claire Danes', 'img/generica_2.png', 44, NULL, 'USA', 'N', NULL),
(83, 'Julianne Moore', 'img/generica_2.png', 62, NULL, 'USA', 'S', NULL),
(84, 'Alicia Vikander', 'img/generica_2.png', 34, NULL, 'Suecia', 'S', NULL),
(85, 'Hera Hilmar', 'img/generica_2.png', 35, NULL, 'Islandia', 'N', NULL),
(86, 'Brie Larson', 'img/generica_2.png', 33, NULL, 'USA', 'S', NULL),
(87, 'Robin Wright', 'img/generica_2.png', 57, NULL, 'USA', 'N', NULL),
(88, 'Penelope Ann Miller', 'img/generica_2.png', 59, NULL, 'USA', 'N', NULL),
(89, 'Kristy Swanson', 'img/generica_2.png', 54, NULL, 'USA', 'N', NULL),
(90, 'Olivia Wilde', 'img/generica_2.png', 39, NULL, 'USA', 'N', NULL),
(91, 'Lynn Collins', 'img/generica_2.png', 46, NULL, 'USA', 'N', NULL),
(92, 'Paula Patton', 'img/generica_2.png', 48, NULL, 'USA', 'N', NULL),
(93, 'Hailee Steinfeld', 'img/generica_2.png', 27, NULL, 'USA', 'N', NULL),
(94, 'Brooklyn Decker', 'img/generica_2.png', 36, NULL, 'USA', 'N', NULL),
(95, 'Chloë Grace Moretz', 'img/generica_2.png', 26, NULL, 'USA', 'N', NULL),
(96, 'Maika Monroe', 'img/generica_2.png', 30, NULL, 'USA', 'N', NULL),
(97, 'Rosenda Monteros', 'img/generica_2.png', 83, NULL, 'México', 'N', 'S'),
(98, 'Haley Bennett', 'img/generica_2.png', 35, NULL, 'USA', 'N', NULL),
(99, 'Natalie Wood', 'img/generica_2.png', 43, NULL, 'USA', 'N', 'S'),
(100, 'Ornella Muti', 'img/generica_2.png', 68, NULL, 'Italia', 'N', NULL),
(101, 'Shirley MacLaine', 'img/generica_2.png', 89, NULL, 'USA', 'S', NULL),
(102, 'Samantha Mumba', 'img/generica_2.png', 40, NULL, 'Irlanda', 'N', NULL),
(103, 'Yvette Mimieux', 'img/generica_2.png', 81, NULL, 'USA', 'N', NULL),
(104, 'Jean Simmons', 'img/generica_2.png', 80, NULL, 'UK', 'N', 'S'),
(105, 'Mia Sara', 'img/generica_2.png', 56, NULL, 'USA', 'N', NULL),
(106, 'Olivia d\'Abo', 'img/generica_2.png', 54, NULL, 'UK', 'N', NULL),
(107, 'Anne Francis', 'img/generica_2.png', 80, NULL, 'USA', 'N', 'S'),
(108, 'Rachel Nichols', 'img/generica_2.png', 43, NULL, 'USA', 'N', NULL),
(109, 'Moon Bloodgood', 'img/generica_2.png', 48, NULL, 'USA', 'N', NULL),
(110, 'Rosanna Arquette', 'img/generica_2.png', 64, NULL, 'USA', 'N', NULL),
(111, 'Maria Schell', 'img/generica_2.png', 79, NULL, 'Austria', 'N', 'S'),
(112, 'Marianne Koch', 'img/generica_2.png', 92, NULL, 'Alemania', 'N', NULL),
(113, 'Grace Fulton', 'img/generica_2.png', 26, NULL, 'USA', 'N', NULL),
(114, 'Sarah Shahi', 'img/generica_2.png', 43, NULL, 'USA', 'N', NULL),
(115, 'Helen Mirren', 'img/generica_2.png', 77, NULL, 'UK', 'S', NULL),
(116, 'Sofia Boutella', 'img/generica_2.png', 41, NULL, 'Argelia', 'N', NULL),
(117, 'Evangeline Lilly', 'img/generica_2.png', 43, NULL, 'Canadá', 'N', NULL),
(118, 'Andie MacDowell', 'img/generica_2.png', 65, NULL, 'USA', 'N', NULL),
(119, 'Gemma Arterton', 'img/generica_2.png', 37, NULL, 'UK', 'N', NULL),
(120, 'Brooke Langton', 'img/generica_2.png', 52, NULL, 'USA', 'N', NULL),
(121, 'Julia Roberts', 'img/generica_2.png', 55, NULL, 'USA', 'S', NULL),
(122, 'Drew Barrymore', 'img/generica_2.png', 48, NULL, 'USA', 'N', NULL),
(123, 'Rachel McAdams', 'img/generica_2.png', 45, NULL, 'Canadá', 'N', NULL),
(124, 'Elizabeth Olsen', 'img/generica_2.png', 34, NULL, 'USA', 'N', NULL),
(125, 'Judi Bowker', 'img/generica_2.png', 69, NULL, 'UK', 'N', NULL),
(126, 'Rosamund Pike', 'img/generica_2.png', 44, NULL, 'UK', 'N', NULL),
(127, 'Freida Pinto', 'img/generica_2.png', 38, NULL, 'India', 'N', NULL),
(128, 'Geena Davis', 'img/generica_2.png', 67, NULL, 'USA', 'N', NULL),
(129, 'Mélanie Laurent', 'img/generica_2.png', 40, NULL, 'Francia', 'N', NULL),
(130, 'Abbie Cornish', 'img/generica_2.png', 41, NULL, 'Australia', 'N', NULL),
(131, 'Carey Mulligan', 'img/generica_2.png', 38, NULL, 'UK', 'N', NULL),
(132, 'Jessica Biel', 'img/generica_2.png', 41, NULL, 'USA', 'N', NULL),
(133, 'Madison Iseman', 'img/generica_2.png', 26, NULL, 'USA', 'N', NULL),
(134, 'Mila Kunis', 'img/generica_2.png', 39, NULL, 'USA', 'N', NULL),
(135, 'Judy Garland', 'img/generica_2.png', 47, NULL, 'USA', 'S', 'S'),
(136, 'Kristen Wiig', 'img/generica_2.png', 49, NULL, 'USA', 'N', NULL),
(137, 'Frances McDormand', 'img/generica_2.png', 71, NULL, 'USA', 'S', NULL),
(138, 'Nancy Kovack', 'img/generica_2.png', 88, NULL, 'USA', 'N', NULL),
(139, 'Gaia Weiss', 'img/generica_2.png', 31, NULL, 'Francia', 'N', NULL),
(140, 'Olivia Cooke', 'img/generica_2.png', 29, NULL, 'UK', 'N', NULL),
(141, 'Gemma Chan', 'img/generica_2.png', 41, NULL, 'UK', 'N', NULL),
(142, 'Caitlin Clarke', 'img/generica_2.png', 52, NULL, 'USA', 'N', 'S'),
(143, 'Madeleine Stowe', 'img/generica_2.png', 65, NULL, 'USA', 'N', NULL),
(144, 'Izabella Scorupco', 'img/generica_2.png', 53, NULL, 'Polonia', 'N', NULL),
(145, 'Daisy Ridley', 'img/generica_2.png', 31, NULL, 'UK', 'N', NULL),
(146, 'Lori Singer', 'img/generica_2.png', 65, NULL, 'USA', 'N', NULL),
(147, 'Julianne Hough', 'img/generica_2.png', 35, NULL, 'USA', 'N', NULL),
(148, 'Elle Fanning', 'img/generica_2.png', 25, NULL, 'USA', 'N', NULL),
(149, 'Marion Cotillard', 'img/generica_2.png', 47, NULL, 'Francia', 'S', NULL),
(150, 'Connie Nielsen', 'img/generica_2.png', 58, NULL, 'Dinamarca', 'N', NULL),
(151, 'Ingrid Bolsø Berdal', 'img/generica_2.png', 43, NULL, 'Noruega', 'N', NULL),
(152, 'Maria Pitillo', 'img/generica_2.png', 57, NULL, 'USA', 'N', NULL),
(153, 'Grace Kelly', 'img/generica_2.png', 52, NULL, 'USA', 'S', 'S'),
(154, 'Alyssa Milano', 'img/generica_2.png', 50, NULL, 'USA', 'N', NULL),
(155, 'Sally Hawkins', 'img/generica_2.png', 47, NULL, 'USA', 'N', NULL),
(156, 'Renée Zellweger', 'img/fotos/actrices/Renee_Zellweger.jpg', 54, NULL, 'USA', 'S', 'N'),
(157, 'Sally Phillips', 'img/fotos/actrices/Sally_Phillips.jpg', 53, NULL, 'UK', 'N', 'N'),
(158, 'Bonnie Hunt', 'img/fotos/actrices/Bonnie_Hunt.jpg', 62, NULL, 'USA', 'N', 'N'),
(159, 'Sydney Sweeney', 'img/generica_2.png', 26, NULL, 'USA', 'N', NULL),
(160, 'Bryce Dallas Howard', 'img/generica_2.png', 43, NULL, 'USA', 'N', NULL),
(161, 'Janine Turner', 'img/generica_2.png', 61, NULL, 'USA', 'N', NULL),
(162, 'Jenna Fischer', 'img/fotos/actrices/actriz_jenna.jpg', 50, '1974-03-07', 'USA', 'N', NULL),
(163, 'Melora Hardin', 'img/fotos/actrices/actriz_melora.jpg', 56, '1967-06-29', 'USA', 'N', NULL),
(164, 'Marisa Abela', 'img/fotos/actrices/actriz_marisa.jpg', 26, '1996-12-08', 'UK', 'N', 'N');

-- --------------------------------------------------------

--
-- Estructura de tabla para la tabla `director`
--

CREATE TABLE `director` (
  `pk_id_director` int(11) NOT NULL,
  `nombre_director` varchar(100) NOT NULL,
  `foto_director` varchar(100) DEFAULT NULL,
  `edad_director` tinyint(4) DEFAULT NULL,
  `fecha_nacimiento_director` date DEFAULT NULL,
  `nacionalidad_director` varchar(50) DEFAULT NULL,
  `oscar_director` char(1) DEFAULT NULL,
  `director_fallecido` char(1) DEFAULT NULL,
  `sexo` enum('Hombre','Mujer') DEFAULT NULL
) ENGINE=InnoDB DEFAULT CHARSET=utf8mb4 COLLATE=utf8mb4_general_ci;

--
-- Volcado de datos para la tabla `director`
--

INSERT INTO `director` (`pk_id_director`, `nombre_director`, `foto_director`, `edad_director`, `fecha_nacimiento_director`, `nacionalidad_director`, `oscar_director`, `director_fallecido`, `sexo`) VALUES
(1, 'Nancy Meyers', 'img/generica.png', 75, NULL, 'USA', 'N', NULL, 'Mujer'),
(2, 'James Mangold', 'img/generica.png', 59, NULL, 'USA', 'N', NULL, 'Hombre'),
(3, 'Joseph Kosinski', 'img/generica.png', 49, NULL, 'USA', 'N', NULL, 'Hombre'),
(4, 'Jonathan Goldstein', 'img/generica.png', 58, NULL, 'USA', 'N', NULL, 'Hombre'),
(5, 'Aaron Sorkin', 'img/generica.png', 61, NULL, 'USA', 'S', NULL, 'Hombre'),
(6, 'Robert Rodriguez', 'img/generica.png', 54, NULL, 'USA', 'N', NULL, 'Hombre'),
(7, 'Santiago Segura', 'img/generica.png', 56, NULL, 'España', 'N', NULL, 'Hombre'),
(8, 'Ridley Scott', 'img/generica.png', 85, NULL, 'UK', 'S', NULL, 'Hombre'),
(9, 'Steven Spielberg', 'img/generica.png', 76, NULL, 'USA', 'S', NULL, 'Hombre'),
(10, 'Joss Whedon', 'img/generica.png', 58, NULL, 'USA', 'N', NULL, 'Hombre'),
(11, 'Fred Zinnemann', 'img/generica.png', 89, NULL, 'USA', 'S', NULL, 'Hombre'),
(12, 'Paul Urkijo Alijo', 'img/generica.png', 38, NULL, 'España', 'N', NULL, 'Hombre'),
(13, 'Cary Fukunaga', 'img/generica.png', 45, NULL, 'USA', 'N', NULL, 'Hombre'),
(14, 'Sam Mendes', 'img/generica.png', 57, NULL, 'UK', 'S', NULL, 'Hombre'),
(15, 'Martin Campbell', 'img/generica.png', 79, NULL, 'Nueva Zelanda', 'N', NULL, 'Hombre'),
(16, 'Neill Blomkamp', 'img/generica.png', 43, NULL, 'Canadá', 'N', NULL, 'Hombre'),
(17, 'Peter Jackson', 'img/generica.png', 61, NULL, 'Nueva Zelanda', 'S', NULL, 'Hombre'),
(18, 'David Lean', 'img/generica.png', 83, NULL, 'UK', 'S', 'S', 'Hombre'),
(19, 'Tony Scott', 'img/generica.png', 68, NULL, 'USA', 'N', NULL, 'Hombre'),
(20, 'F. Gary Gray', 'img/generica.png', 52, NULL, 'USA', 'N', NULL, 'Hombre'),
(21, 'Christopher Nolan', 'img/generica.png', 52, NULL, 'UK', 'N', NULL, 'Hombre'),
(22, 'John Ford', 'img/generica.png', 79, NULL, 'USA', 'S', 'S', 'Hombre'),
(23, 'Matt Reeves', 'img/generica.png', 57, NULL, 'USA', 'N', NULL, 'Hombre'),
(24, 'James Cameron', 'img/generica.png', 68, NULL, 'Canadá', 'S', NULL, 'Hombre'),
(25, 'Sam Raimi', 'img/generica.png', 63, NULL, 'USA', 'N', NULL, 'Hombre'),
(26, 'Neil Marshall', 'img/generica.png', 53, NULL, 'UK', 'N', NULL, 'Hombre'),
(27, 'John McTiernan', 'img/generica.png', 72, NULL, 'USA', 'N', NULL, 'Hombre'),
(28, 'Mark Robson', 'img/generica.png', 64, NULL, 'Canadá', 'N', 'S', 'Hombre'),
(29, 'Peter Weir', 'img/generica.png', 78, NULL, 'Australia', 'N', NULL, 'Hombre'),
(30, 'Gus Van Sant', 'img/generica.png', 70, NULL, 'USA', 'N', NULL, 'Hombre'),
(31, 'Ron Howard', 'img/generica.png', 69, NULL, 'USA', 'S', NULL, 'Hombre'),
(32, 'George Lucas', 'img/generica.png', 79, NULL, 'USA', 'N', NULL, 'Hombre'),
(33, 'John Milius', 'img/generica.png', 79, NULL, 'USA', 'N', NULL, 'Hombre'),
(34, 'David Yates', 'img/generica.png', 59, NULL, 'UK', 'N', NULL, 'Hombre'),
(35, 'Richard Donner', 'img/generica.png', 91, NULL, 'USA', 'N', 'S', 'Hombre'),
(36, 'Sylvester Stallone', 'img/generica.png', 76, NULL, 'USA', 'N', NULL, 'Hombre'),
(37, 'Gore Verbinski', 'img/generica.png', 59, NULL, 'USA', 'S', NULL, 'Hombre'),
(38, 'Kevin Costner', 'img/generica.png', 68, NULL, 'USA', 'S', NULL, 'Hombre'),
(39, 'Don Coscarelli', 'img/generica.png', 69, NULL, 'USA', 'N', NULL, 'Hombre'),
(40, 'Antoine Fuqua', 'img/generica.png', 58, NULL, 'USA', 'N', NULL, 'Hombre'),
(41, 'Guillermo del Toro', 'img/generica.png', 58, NULL, 'México', 'S', NULL, 'Hombre'),
(42, 'Kenneth Branagh', 'img/generica.png', 63, NULL, 'UK', 'S', NULL, 'Hombre'),
(43, 'Guy Ritchie', 'img/generica.png', 59, NULL, 'UK', 'N', NULL, 'Hombre'),
(44, 'Russell Mulcahy', 'img/generica.png', 70, NULL, 'Australia', 'N', NULL, 'Hombre'),
(45, 'Stephen Hopkins', 'img/generica.png', 65, NULL, 'Jamaica', 'N', NULL, 'Hombre'),
(46, 'Kevin Reynolds', 'img/generica.png', 71, NULL, 'USA', 'N', NULL, 'Hombre'),
(47, 'Denis Villeneuve', 'img/generica.png', 56, NULL, 'Canadá', 'N', NULL, 'Hombre'),
(48, 'Stephen Sommers', 'img/generica.png', 61, NULL, 'USA', 'N', NULL, 'Hombre'),
(49, 'Irvin Kershner', 'img/generica.png', 87, NULL, 'USA', 'N', 'S', 'Hombre'),
(50, 'Richard Marquand', 'img/generica.png', 49, NULL, 'UK', 'N', 'S', 'Hombre'),
(51, 'Luc Besson', 'img/generica.png', 64, NULL, 'Francia', 'N', NULL, 'Hombre'),
(52, 'Chuck Russell', 'img/generica.png', 65, NULL, 'USA', 'N', NULL, 'Hombre'),
(53, 'Sam Weisman', 'img/generica.png', 75, NULL, 'USA', 'N', NULL, 'Hombre'),
(54, 'Clint Eastwood', 'img/generica.png', 93, NULL, 'USA', 'S', NULL, 'Hombre'),
(55, 'Zack Snyder', 'img/generica.png', 57, NULL, 'USA', 'N', NULL, 'Hombre'),
(56, 'Noam Murro', 'img/generica.png', 62, NULL, 'Israel', 'N', NULL, 'Hombre'),
(57, 'Robert Zemeckis', 'img/generica.png', 71, NULL, 'USA', 'S', NULL, 'Hombre'),
(58, 'John Carpenter', 'img/generica.png', 75, NULL, 'USA', 'N', NULL, 'Hombre'),
(59, 'Patty Jenkins', 'img/generica.png', 51, NULL, 'USA', 'N', NULL, 'Mujer'),
(60, 'Ralph Nelson', 'img/generica.png', 71, NULL, 'USA', 'N', 'S', 'Hombre'),
(61, 'James Wan', 'img/generica.png', 46, NULL, 'Malasia', 'N', NULL, 'Hombre'),
(62, 'Andy Muschietti', 'img/generica.png', 49, NULL, 'Argentina', 'N', NULL, 'Hombre'),
(63, 'Joe Johnston', 'img/generica.png', 73, NULL, 'USA', 'S', NULL, 'Hombre'),
(64, 'Anthony Russo', 'img/generica.png', 53, NULL, 'USA', 'N', NULL, 'Hombre'),
(65, 'Joe Russo', 'img/generica.png', 52, NULL, 'USA', 'N', NULL, 'Hombre'),
(66, 'Jon Favreau', 'img/generica.png', 57, NULL, 'USA', 'N', NULL, 'Hombre'),
(67, 'Matthew Vaughn', 'img/generica.png', 52, NULL, 'UK', 'N', NULL, 'Hombre'),
(68, 'Sergey Bodrov', 'img/generica.png', 75, NULL, 'Rusia', 'N', 'S', 'Hombre'),
(69, 'Roar Uthaug', 'img/generica.png', 50, NULL, 'Noruega', 'N', NULL, 'Hombre'),
(70, 'Christian Rivers', 'img/generica.png', 49, NULL, 'Nueva Zelanda', 'S', NULL, 'Hombre'),
(71, 'Jordan Vogt-Roberts', 'img/generica.png', 39, NULL, 'USA', 'N', NULL, 'Hombre'),
(72, 'Anna Boden', 'img/generica.png', 44, NULL, 'USA', 'N', NULL, 'Mujer'),
(73, 'Rob Reiner', 'img/generica.png', 76, NULL, 'USA', 'N', NULL, 'Hombre'),
(74, 'Simon Wincer', 'img/generica.png', 80, NULL, 'Australia', 'N', NULL, 'Hombre'),
(75, 'Andrew Stanton', 'img/generica.png', 58, NULL, 'USA', 'S', NULL, 'Hombre'),
(76, 'Duncan Jones', 'img/generica.png', 52, NULL, 'UK', 'N', NULL, 'Hombre'),
(77, 'Gavin Hood', 'img/generica.png', 60, NULL, 'Sudáfrica', 'S', NULL, 'Hombre'),
(78, 'Peter Berg', 'img/generica.png', 59, NULL, 'USA', 'N', NULL, 'Hombre'),
(79, 'Martin Scorsese', 'img/generica.png', 80, NULL, 'Italia', 'S', NULL, 'Hombre'),
(80, 'Roland Emmerich', 'img/generica.png', 67, NULL, 'Alemania', 'N', NULL, 'Hombre'),
(81, 'John Sturges', 'img/generica.png', 82, NULL, 'USA', 'N', 'S', 'Hombre'),
(82, 'Mike Hodges', 'img/generica.png', 90, NULL, 'UK', 'N', 'S', 'Hombre'),
(83, 'Michael Anderson', 'img/generica.png', 98, NULL, 'UK', 'S', 'S', 'Hombre'),
(84, 'Simon Wells', 'img/generica.png', 62, NULL, 'USA', 'N', NULL, 'Hombre'),
(85, 'George Pal', 'img/generica.png', 72, NULL, 'USA', 'S', 'S', 'Hombre'),
(86, 'William Wyler', 'img/generica.png', 79, NULL, 'USA', 'S', 'S', 'Hombre'),
(87, 'Taika Waititi', 'img/generica.png', 47, NULL, 'Nueva Zelanda', 'S', NULL, 'Hombre'),
(88, 'John Hughes', 'img/generica.png', 59, NULL, 'USA', 'N', 'S', 'Hombre'),
(89, 'Richard Fleischer', 'img/generica.png', 89, NULL, 'USA', 'S', 'S', 'Hombre'),
(90, 'Fred M. Wilcox', 'img/generica.png', 56, NULL, 'USA', 'N', 'S', 'Hombre'),
(91, 'Marcus Nispel', 'img/generica.png', 60, NULL, 'Alemania', 'N', NULL, 'Hombre'),
(92, 'Lawrence Kasdan', 'img/generica.png', 74, NULL, 'USA', 'N', NULL, 'Hombre'),
(93, 'Sergio Leone', 'img/generica.png', 60, NULL, 'Italia', 'N', 'S', 'Hombre'),
(94, 'Delmer Daves', 'img/generica.png', 73, NULL, 'USA', 'N', 'S', 'Hombre'),
(95, 'David F. Sandberg', 'img/generica.png', 42, NULL, 'Suecia', 'N', NULL, 'Hombre'),
(96, 'Jaume Collet-Serra', 'img/generica.png', 49, NULL, 'España', 'N', NULL, 'Hombre'),
(97, 'J.J. Abrams', 'img/generica.png', 57, NULL, 'USA', 'N', NULL, 'Hombre'),
(98, 'Justin Lin', 'img/generica.png', 50, NULL, 'Taiwán', 'N', NULL, 'Hombre'),
(99, 'Alex Kurtzman', 'img/generica.png', 50, NULL, 'USA', 'N', NULL, 'Hombre'),
(100, 'Michael Bay', 'img/generica.png', 58, NULL, 'USA', 'N', NULL, 'Hombre'),
(101, 'Peyton Reed', 'img/generica.png', 59, NULL, 'USA', 'N', NULL, 'Hombre'),
(102, 'Mike Newell', 'img/generica.png', 81, NULL, 'UK', 'N', NULL, 'Hombre'),
(103, 'Howard Deutch', 'img/generica.png', 72, NULL, 'USA', 'N', NULL, 'Hombre'),
(104, 'Roger Michell', 'img/generica.png', 65, NULL, 'UK', 'N', NULL, 'Hombre'),
(105, 'Iain Softley', 'img/generica.png', 66, NULL, 'UK', 'N', NULL, 'Hombre'),
(106, 'Marc Lawrence', 'img/generica.png', 63, NULL, 'USA', 'N', NULL, 'Hombre'),
(107, 'Scott Derrickson', 'img/generica.png', 57, NULL, 'USA', 'N', NULL, 'Hombre'),
(108, 'Desmond Davis', 'img/generica.png', 97, NULL, 'UK', 'N', NULL, 'Hombre'),
(109, 'Louis Leterrier', 'img/generica.png', 50, NULL, 'Francia', 'N', NULL, 'Hombre'),
(110, 'Jonathan Liebesman', 'img/generica.png', 47, NULL, 'Sudáfrica', 'N', NULL, 'Hombre'),
(111, 'Tarsem Singh', 'img/generica.png', 62, NULL, 'India', 'N', NULL, 'Hombre'),
(112, 'Renny Harlin', 'img/generica.png', 64, NULL, 'Finlandia', 'N', NULL, 'Hombre'),
(113, 'Neil Burger', 'img/generica.png', 60, NULL, 'USA', 'N', NULL, 'Hombre'),
(114, 'Nicolas Winding Refn', 'img/generica.png', 52, NULL, 'Dinamarca', 'N', NULL, 'Hombre'),
(115, 'Tomasz Bagiński', 'img/generica.png', 47, NULL, 'Polonia', 'N', NULL, 'Hombre'),
(116, 'Victor Fleming', 'img/generica.png', 59, NULL, 'USA', 'S', 'S', 'Hombre'),
(117, 'Ben Stiller', 'img/generica.png', 58, NULL, 'USA', 'N', NULL, 'Hombre'),
(118, 'Don Chaffey', 'img/generica.png', 73, NULL, 'UK', 'N', 'S', 'Hombre'),
(119, 'Dean DeBlois', 'img/generica.png', 53, NULL, 'Canadá', 'N', NULL, 'Hombre'),
(120, 'Gareth Edwards', 'img/generica.png', 48, NULL, 'UK', 'N', NULL, 'Hombre'),
(121, 'Matthew Robbins', 'img/generica.png', 78, NULL, 'USA', 'N', NULL, 'Hombre'),
(122, 'Greta Gerwig', 'img/generica.png', 39, NULL, 'USA', 'N', NULL, 'Mujer'),
(123, 'Michael Mann', 'img/generica.png', 80, NULL, 'USA', 'N', NULL, 'Hombre'),
(124, 'Rob Bowman', 'img/generica.png', 63, NULL, 'USA', 'N', NULL, 'Hombre'),
(125, 'Enrique Gato', 'img/generica.png', 46, NULL, 'España', 'N', NULL, 'Hombre'),
(126, 'Rian Johnson', 'img/generica.png', 49, NULL, 'USA', 'N', NULL, 'Hombre'),
(127, 'John Musker', 'img/generica.png', 69, NULL, 'USA', 'N', NULL, 'Hombre'),
(128, 'Herbert Ross', 'img/generica.png', 74, NULL, 'USA', 'N', NULL, 'Hombre'),
(129, 'Craig Brewer', 'img/generica.png', 52, NULL, 'USA', 'N', NULL, 'Hombre'),
(130, 'Brett Ratner', 'img/generica.png', 54, NULL, 'USA', 'N', NULL, 'Hombre'),
(131, 'Richard Curtis', 'img/generica.png', 67, NULL, 'Nueva Zelanda', 'N', NULL, 'Hombre'),
(132, 'Alfred Hitchcock', 'img/generica.png', 80, NULL, 'UK', 'S', 'S', 'Hombre'),
(133, 'Paul Schneider', 'img/generica.png', 1, NULL, 'Desconocido', 'N', NULL, 'Hombre'),
(134, 'Paul King', 'img/generica.png', 45, NULL, 'UK', 'N', NULL, 'Hombre'),
(135, 'Will Gluck', 'img/generica.png', 45, NULL, 'USA', 'N', NULL, 'Hombre'),
(136, 'Stephen Merchant', 'img/fotos/directores/director_stephen.jpg', 49, '1974-11-24', 'UK', 'N', 'N', 'Hombre'),
(137, 'Sam Taylor-Johnson', 'img/fotos/directores/director_sam_taylor.jpg ', 57, '1967-03-04', 'UK', 'N', 'N', 'Mujer');

-- --------------------------------------------------------

--
-- Estructura de tabla para la tabla `genero`
--

CREATE TABLE `genero` (
  `pk_id_genero` int(11) NOT NULL,
  `nombre_genero` varchar(100) NOT NULL,
  `descripcion` varchar(150) DEFAULT NULL
) ENGINE=InnoDB DEFAULT CHARSET=utf8mb4 COLLATE=utf8mb4_general_ci;

--
-- Volcado de datos para la tabla `genero`
--

INSERT INTO `genero` (`pk_id_genero`, `nombre_genero`, `descripcion`) VALUES
(1, 'Aventuras', ''),
(2, 'Acción', ''),
(3, 'Comedia', ''),
(4, 'Fantasía', ''),
(5, 'Drama', ''),
(6, 'Ciencia-ficción', ''),
(7, 'Terror', ''),
(8, 'Bélico', ''),
(9, 'Western', ''),
(10, 'Superheróico', 'Para todas las películas de superhéroes'),
(11, 'Suspense', ''),
(12, 'Monstruos', ''),
(13, 'Héroes clásicos', 'Películas con encanto'),
(14, 'Comedia juvenil', 'Película de culto'),
(15, 'Mitología', ''),
(16, 'Animación', ''),
(17, 'Thriller', ''),
(18, 'Animación', ''),
(19, 'Cine mudo', 'Lo mismo pero mudo'),
(20, 'Musical', 'Cine en el que algunas escenas se representan con musica los actores y actrices cantando e incluso bailando');

-- --------------------------------------------------------

--
-- Estructura de tabla para la tabla `peliculas`
--

CREATE TABLE `peliculas` (
  `pk_id_pelicula` int(11) NOT NULL,
  `titulo` varchar(150) NOT NULL,
  `cartel_pelicula` varchar(200) DEFAULT NULL,
  `anio` int(11) DEFAULT NULL,
  `duracion` int(11) DEFAULT NULL,
  `oscar_pelicula` char(1) DEFAULT NULL,
  `resumen` text DEFAULT NULL,
  `fk_id_actor` int(11) DEFAULT NULL,
  `fk_id_actriz` int(11) DEFAULT NULL,
  `fk_id_director` int(11) DEFAULT NULL,
  `fk_id_genero` int(11) DEFAULT NULL,
  `fk_id_produccion` int(11) DEFAULT NULL
) ENGINE=InnoDB DEFAULT CHARSET=utf8mb4 COLLATE=utf8mb4_general_ci;

--
-- Volcado de datos para la tabla `peliculas`
--

INSERT INTO `peliculas` (`pk_id_pelicula`, `titulo`, `cartel_pelicula`, `anio`, `duracion`, `oscar_pelicula`, `resumen`, `fk_id_actor`, `fk_id_actriz`, `fk_id_director`, `fk_id_genero`, `fk_id_produccion`) VALUES
(1, 'El Becario', 'img/el_becario.jpg', 2015, 121, 'N', '', 1, 1, 1, 3, 1),
(2, 'Indiana Jones V: El dial del destino', 'img/indiana-jones-dial-destino-5.jpg', 2023, 153, 'N', '<p>El arqueólogo Indiana Jones deberá emprender otra aventura contra el tiempo para intentar recuperar un dial legendario que puede cambiar el curso de la historia. Acompañado por su ahijada, Jones pronto se encuentra enfrentándose a Jürgen Voller, un ex nazi que trabaja para la NASA.</p>', 2, 2, 2, 1, 2),
(3, 'Top Gun: Maverick', 'img/top-gun-maverick.jpg', 2022, 130, 'N', '<p>El texto de apertura menciona cómo en 1969, la Marina de los EE. UU. estableció una escuela para pilotos de combate. Se la conoce oficialmente como Escuela de Armas de Combate, pero los reclutas la llaman \"Top Gun\". Vemos varios reclutas y hombres de la Marina en los barcos donde los pilotos despegan o regresan.</p>\n\n<p>36 años después de la primera entrega, el capitán Pete \"Maverick\" Mitchell está sirviendo como piloto de pruebas de la Marina de los Estados Unidos, para probar nuevos diseños y conceptos de aviones de combate con empresas privadas, y ha esquivado el ascenso para seguir volando después de 33 años de servicio. Mientras el contralmirante Chester \"Hammer\" planea cerrar el programa hipersónico \"Darkstar\" scramjet, redirigiendo los fondos a programas de drones, Maverick lleva el prototipo a su objetivo de velocidad Mach 10 antes que Cain pueda llegar a la base, pero decide seguir avanzando hacia la velocidad hipersónica, lo que provoca la destrucción del prototipo. Cain quiere dejar en tierra a Maverick pero no puede, ya que el piloto ha recibido la orden de ir a NAS North Island por parte de su amigo y antiguo rival, el almirante Tom \"Iceman\" Kazansky, comandante de la Flota del Pacífico de Estados Unidos.</p>\n\n<p>Maverick debe entrenar a un grupo de élite de aviadores de Boeing F/A-18E/F Super Hornet reunidos por el vicealmirante Beau \"Cyclone\" Simpson y el contralmirante Solomon \"Warlock\" Bates para una misión urgente: bombardear una instalación de enriquecimiento de uranio de una nación rebelde sin nombre, entre montañas. Dado que la instalación se encuentra en una profunda depresión al final de un cañón y está defendida por baterías de misiles tierra-aire (SAM) y una base aérea con cazas de quinta generación Su-57, y F-14 Tomcat de Irán, vendidos por Estados Unidos en los años 1970.</p>\n\n<p>La misión de ataque furtiva requiere una arriesgada aproximación a alta velocidad en el cañón, por debajo de la cobertura de radar hostil y tratar de evitar a los misiles de defensa SAM, para llegar a la instalación y llevar al caza F/A-18E/F más allá de sus límites NATOPS. Como el nuevo F-35C no está disponible todavía, Maverick recomienda un paquete de ataque de cuatro F/A-18E/F en dos pares para destruir la entrada de la instalación con bombas guiadas de penetración y luego la propia instalación con bombas guiadas. Maverick es rechazado inicialmente por los pilotos, en particular por el seguro de sí mismo teniente Jake \"Hangman\" Seresin y por el teniente Bradley \"Rooster\" Bradshaw, el hijo del difunto mejor amigo de Maverick y RIO Nick \"Goose\" Bradshaw. Rooster está resentido con Maverick por bloquear su solicitud de ingreso en la Academia Naval y retrasar su carrera.</p>\n\n<p>El entrenamiento prepara a los pilotos en las maniobras básicas de combate, el empleo de municiones guiadas de precisión, el pilón de asistencia de combate con cámaras de video y sensores, el vuelo nocturno, vuelos rasantes y la importancia del trabajo en equipo. Los pilotos se dan cuenta de la relación entre el padre de Rooster y Maverick, lo que provoca una animosidad entre Hangman y Rooster, debido a la actitud arrogante del primero hacia sus compañeros de ala y a la cautela del segundo a la hora de volar, que Hangman atribuye a la muerte de su padre. A medida que los pilotos observan la habilidad y valor de Maverick, comienzan a revalorizarlo y su equipo se cohesiona.?</p>\n\n<p>Durante el entrenamiento, Maverick se reencuentra con Penny, una antigua novia en un bar del pueblo, que le sirve de guía y apoyo sobre todo con su actitud protectora hacia Rooster, y le revela que bloqueó la solicitud de Rooster, sin decirle que lo había hecho a petición de la difunta madre de Rooster. Maverick también se reúne con Iceman, cuyo cáncer de garganta le obliga a conversar tecleando sus palabras en un ordenador, pero que consigue subrayar verbalmente la importancia de la misión. Iceman muere días después y Maverick y los pilotos asisten a su funeral.</p>\n\n<p>Cyclone se opone a los arriesgados métodos y tácticas de Maverick, pero una vez que éste demuestra el plan de la misión puede ejecutarse con éxito, volando bajo entre las montañas, Cyclone le nombra líder del equipo de ataque. A continuación, Maverick elige a los pilotos de la misión y es emparejado con Phoenix, en el avión guía de ataque y su OSM Bob, mientras que Rooster es emparejado con Payback y su OSM Fanboy, y el resto de pilotos en alerta para respaldarlos desde un portaaviones frente a la costa del país. Los aviones son lanzados desde el portaaviones Theodore Roosevelt, navegando frente al país enemigo, mientras que el crucero Leyte Gulf dispara una salva de misiles de crucero Tomahawk desde el mar, para destruir la base aérea cercana de la instalación y así evitar que los cazas enemigos se movilicen para enfrentar a los F-18. Los cuatro F/A-18E/F llegan volando entre las montañas a la instalación y la destruyen, pero son atacados al salir por misiles SAMs ocultos entre las montañas. Cuando los pilotos se quedan sin contramedidas, bengalas de distracción de calor y radar, Maverick sacrifica su avión para evitar que Rooster sea derribado y se eyecta sobre territorio hostil en medio de un denso bosque con nieve. Mientras los aviones restantes regresan al portaaviones, Rooster vuelve y salva a Maverick de un Mi-24 Hind que le persigue, pero es derribado por más misiles y se eyecta cerca.</p>\n\n<p>Los dos se reúnen en el bosque y se encuentran con la base aérea destruida, donde roban un viejo caza de combate F-14A Tomcat de Irán, almacenado en un hangar y decola desde un costado de la pista de aterrizaje destruida por el anterior ataque, lo que daña el tren de aterrizaje delantero. Mientras se dirigen al portaaviones volando a gran velocidad, un par de nuevos caza invisibles Su-57 que patrullan la costa del país, estaban volando antes del ataque en misión de merodeo, se acercan e intentan identificarlos, por considerar el F-14 no es su enemigo. Maverick y Rooster deciden atacar rápidamente, sorprendiendo a los Su-57 en el aire, volando sin un ala de combate bien establecida y derribándolos con el cañón automático. Cuando Maverick y Rooster intentan volver al portaaviones, un tercer Su-57 los intercepta volando sobre el mar. Sin armas, misiles y balas en el cañón, ni contramedidas y sin asientos eyectables funcionales, porque fallan al ser un avión de combate tan viejo, son salvados justo a tiempo por Hangman en su F-18, que se lanzó desde el portaaviones después de que Maverick y Rooster no regresaran con el grupo de ataque para apontar sobre la cubierta del portaaviones. Regresan y se detienen con la red de emergencia, porque el tren de aterrizaje no funciona bien, para una celebración en la cubierta del portaaviones. Más tarde, Maverick y Rooster se reconcilian y trabajan juntos en su F-6K, una variante del P-51 Mustang, en el hangar de Maverick. Maverick y Penny vuelan juntos al atardecer en su F-6K.</p>', 3, 3, 3, 2, 3),
(4, 'Dragones y mazmorras: honor entre ladrones', 'img/dungeons_dragons_honor_entre_ladrones-cartel-2.jpg', 2023, 134, 'N', '', 4, 4, 4, 4, 3),
(5, 'Being the Ricardos', 'img/Being_the_Ricardos.jpg', 2021, 131, 'N', '', 5, 5, 5, 5, 4),
(6, 'Desperado', 'img/desperado.jpg', 1995, 106, 'N', '<p>En el bar Tarasco, en un pequeño pueblo de México llamado Santa Cecilia, un estadounidense llamado Buscemi relata cómo fue testigo de una masacre cometida por un mexicano con un estuche de guitarra lleno de armas en un bar del pueblo vecino; los clientes y trabajadores del bar se muestran desinteresados hasta que el estadounidense menciona que el asesino estaba interesado en alguien llamado \"Bucho\" y como el que se negaran a responderle lo llevó a asesinarlos sin piedad. El Tarasco resulta ser una tapadera para los negocios de Bucho, un narcotraficante que controla ese sector, y el bar mencionado por Buscemi es otra sucursal; tras retirarse el norteamericano, los hombres deben informar a su jefe que han perdido otro lugar a manos del misterioso asesino.</p>\r\n\r\n<p>Mientras tanto, el Mariachi resulta ser el joven músico a quien hace algunos años Moco destrozó su mano y asesinó a la mujer que amaba en el incidente de Acuña. Buscemi resulta ser su mejor amigo, quien se dedica a recopilar información y esparcir rumores entre los carteles de drogas, relatando de forma exagerada las masacres que el Mariachi lleva a cabo como una forma de hacer cundir el miedo y provocar a sus enemigos para que delaten su presencia. Tras abandonar la ciudad de Acuña, el Mariachi se transformó en un peligroso asesino que tiene como objetivo vengar la muerte de Dominó ubicando y acabando con todos los asociados de Moco y sus respectivos carteles, cosa que ha logrado con éxito, siendo Bucho el único de su lista que aun vive.</p>\r\n\r\n<p>Buscemi le indica la dirección del Tarasco como un lugar donde podrá obtener información sobre Bucho, por lo que el Mariachi se traslada a la ciudad; allí conoce a un niño con quien traba amistad y al que le da algunos consejos de como tocar la guitarra. En el Tarasco, el Mariachi se involucra en un tenso enfrentamiento con los matones de Bucho donde mata a todos en un tiroteo, pero es seguido por otro de los hombres de Bucho, llamado Tavo. En la calle, Tavo dispara al Mariachi dos veces antes de que este logre matarlo mientras protege a Carolina, una mujer que queda en el fuego cruzado, ella resulta ser la dueña de la librería local, donde decide ocultarlo. Bucho llega al bar y al ver la masacre ordena buscar un hombre con un estuche de guitarra lleno de armas y matarlo, al mismo tiempo, es contactado por sus asociados colombianos, estos se muestran molestos ya que las masacres del Mariachi les han significado grandes pérdidas y ven esto como una señal de ineptitud por parte de Bucho, por lo que le advierten que tomarán medidas, empezando por enviar a un hombre para que lo vigile a él y mate al Mariachi.</p>\r\n\r\n<p>En la librería, Carolina retira las balas del Mariachi y cose sus heridas. Mientras descansa, ella descubre las armas en su estuche de guitarra comprendiendo quién es, este pide que le ayude a encontrar y matar a Bucho. Deja su estuche con ella para que pueda ir a hablar con Buscemi en la iglesia del pueblo. El estadounidense está molesto por la masacre en el bar y convence al Mariachi de renunciar a su búsqueda de sangre. Mientras salen de la iglesia, son emboscados por Navajas, el sicario colombiano. Buscemi es asesinado y el Mariachi resulta gravemente herido, sin embargo el ataque se interrumpe cuando los hombres de Bucho confunden a Navajas con el Mariachi y lo matan. Ellos llevan el cuerpo a Bucho, que está molesto al descubrir que los colombianos no confían en él y que sus hombres mataron a la persona equivocada. El Mariachi camina por las calles herido y de nuevo se encuentra con el niño de la guitarra. Le pregunta al niño por qué no está practicando y se entera de que trabaja moviendo drogas escondidas en su guitarra. El Mariachi es testigo de cómo el chico intercambia la guitarra con los traficantes, a quienes les quita su mercancía y obliga a huir.</p>\r\n\r\n<p>Un enfadado Mariachi regresa a la librería y se enfrenta a Carolina, descubriendo que ella también mueve drogas para Bucho. Después de discutir con ella comienza a curar sus heridas de nuevo, cuando Bucho llega a interrogarla sobre el Mariachi. Ella esconde al Mariachi y asegura no saber nada. Bucho se va, y Carolina termina de coser las heridas de El Mariachi. Esa noche, Carolina da al Mariachi una nueva guitarra y toca para ella antes de tener relaciones sexuales. Mientras tanto, Bucho descubre que Carolina le mintió y ordena a sus hombres que quemen la librería con ellos dentro. Por la mañana, los hombres de Bucho llegan y atacan el lugar mientras van incendiando la librería. Los dos luchan para salir del edificio en llamas hacia una azotea, donde el Mariachi consigue un tiro claro a Bucho pero de repente se niega a matarlo. Los dos se refugian luego en una habitación de hotel.</p>\r\n\r\n<p>Bucho reúne a sus hombres y les dice que deben matar a cualquiera que ven en la ciudad que no conocen. Al darse cuenta de que Bucho nunca dejará de cazarlos, el Mariachi pide ayuda a dos amigos sicarios, Campa y Quino, para enfrentar a Bucho y sus hombres. El trío se reúne en las afueras de la ciudad y después de encontrar a los matones inician un tiroteo donde la mayoría muere junto a Campa y Quino. El Mariachi descubre que el niño que conoció fue herido en el tiroteo y se apresura a llevarlo al hospital. Después decide ir por Bucho y enfrentarlo directamente. una vez frente a frente, El Mariachi revela que no le disparó a Bucho en el techo porque descubrió que se trataba de su hermano. Bucho le ofrece un trato: si lo deja matar a Carolina lo perdonará por lo que el Mariachi saca sus armas y mata a su hermano.</p>\r\n\r\n<p>Junto a Carolina visitan al niño en el hospital antes de que el Mariachi abandone el pueblo. Carolina se encuentra con él en el camino y lo recoge, el Mariachi se sube al camión y arroja el estuche pero después vuelven por el y siguen por el camino.</p>', 6, 6, 6, 2, 5),
(7, 'Torrente', 'img/torrente.jpg', 1998, 97, 'N', '', 7, 7, 7, 3, 6),
(8, 'Alien (Prometheus)', 'img/Prometheus.jpg', 2012, 124, 'N', '', 8, 8, 8, 6, 7),
(9, 'Indiana Jones I: En busca del arca perdida', 'img/en_busca_del_arca_perdida.webp', 1981, 115, 'S', '<p>En 1936 el arqueólogo estadounidense Indiana Jones viaja a un templo peruano para recuperar una estatuilla, sin embargo es interceptado por René Belloq, un colega con quien tiene una rivalidad. Tras una persecución por integrantes de una tribu salvaje, Belloq se hace con la estatuilla y Jones escapa a bordo de un hidroavión. De vuelta en Estados Unidos, un par de agentes de inteligencia del ejército le informan a Jones que, al interceptar unos telegramas nazis, se percataron de que las fuerzas alemanas se encuentran excavando en algún sitio de Tanis, Egipto. En uno de los telegramas se menciona a Abner Ravenwood, el antiguo mentor de Indiana. Con esta información, el aventurero deduce que los nazis buscan el Arca de la Alianza para volverse «invencibles», así que acepta involucrarse en una misión para impedirlo.</p>\n\n<p>Su primer destino lo lleva a un bar en Nepal a cargo de Marion, la hija de Abner y antiguo interés romántico del arqueólogo. Mientras la pareja conversa, un agente de la Gestapo, Arnold Toht, incendia el bar e intenta sin éxito robarle un medallón a la propietaria, tras lo cual huye del sitio. A partir de ese momento Marion decide acompañar a Indiana a su próximo destino, El Cairo, en donde se reúnen con Sallah, un viejo amigo del aventurero. Este les revela que los nazis son ayudados por Belloq y que el medallón contiene la pista para localizar el Arca de la Alianza. Marion es capturada por los nazis, mientras que Jones y Belloq acuden a un lugar subterráneo denominado el «Pozo de las almas», en donde el arqueólogo utiliza el medallón y una reliquia conocida como «el bastón de Ra» para descifrar la ubicación exacta del Arca de la Alianza. Para entonces descubre que el medallón contiene una advertencia relacionada con el interior del objeto sagrado. Asimismo Marion logra huir de su aprisionamiento.</p>\n\n<p>Una vez descubierta el Arca de la Alianza, Indiana y Marion optan por trasladarla a Londres a bordo de un barco de vapor sin embargo son perseguidos en altamar por los nazis, quienes logran robarle la reliquia. De manera inadvertida para ellos, la pareja se infiltra en la embarcación alemana y navegan junto a la tripulación hasta una isla en el mar Egeo, sitio elegido por Belloq para revelar el supuesto «poder» interior del Arca de la Alianza. A pesar de que el aventurero les advierte sobre las consecuencias de tal acción, el arqueólogo rival y los oficiales nazis abren el cofre y descubren que aparentemente solo contiene arena. A continuación una serie de elementos sobrenaturales emergen del Arca y asesinan a todos los presentes, excepto a Jones y Marion al ser los únicos que cerraron sus ojos y evitaron observar el interior de la reliquia. Una vez asegurada el Arca y de regreso en Washington D.C., el gobierno estadounidense reconoce la exitosa misión de Jones y el objeto es almacenado en un lugar secreto del país.</p>', 2, 9, 9, 1, 3),
(10, 'Indiana Jones II: El templo maldito', 'img/indiana_jones_and_the_temple_of_doom.jpg', 1984, 118, 'S', '<p>1935. Shanghai. El intrépido arqueólogo Indiana Jones, tras meterse en jaleos en un local nocturno, consigue escapar junto a una bella cantante y su joven acompañante. Tras un accidentado vuelo, los tres acaban en la India, donde intentarán ayudar a los habitantes de un pequeño poblado, cuyos niños han sido raptados.</p>', 2, 10, 9, 1, 3),
(11, 'Indiana Jones IV: La calavera de cristal', 'img/indiana_jones_and_the_kingdom_of_the_crystal_skull_indiana_jones_4.jpg', 2008, 122, 'N', '<p>Año 1957, en plena guerra fría. Indiana Jones (Harrison Ford) consigue de milagro salir ileso de una explosiva situación con unos agentes soviéticos en un remoto desierto al que llegó detenido junto a su amigo Mac (Ray Winstone). El decano de la Universidad (Jim Broadbent) le confiesa a su amigo el profesor Jones que las últimas misiones de Indy han fracasado, y que está a punto de ser despedido. Mientras tanto, Indiana conoce a Mutt (Shia LaBeouf), un joven rebelde que le propone un trato: si le ayuda a resolver un problema personal, él, a cambio, le facilitaría uno de los descubrimientos más espectaculares de la historia: la Calavera de Cristal de Akator, que se encuentra en un lugar remoto del Perú. Pero los agentes soviéticos, dirigidos por la fría y bella Irina Spalko (Cate Blanchett), tienen el mismo objetivo.</p>', 2, 11, 9, 1, 3),
(12, 'Indiana Jones III: La última cruzada', 'img/indiana_jones_and_the_last_crusade.jpg', 1989, 127, 'S', '<p>En esta tercera entrega, el padre del protagonista (Harrison Ford), Henry Jones, también arqueólogo (Sean Connery), es secuestrado cuando buscaba el Santo Grial. Indiana tendrá que ir a rescatarlo y, de paso, intentar hacerse con la preciada reliquia, que también ambicionan los nazis.</p>', 2, 12, 9, 1, 3),
(13, 'Los Vengadores', 'img/los_vengadores1.jpg', 2012, 143, 'N', '', 9, 13, 10, 10, 8),
(14, 'Los Vengadores (II)', 'img/los_vengadores2.jpg', 2015, 141, 'N', '', 9, 13, 10, 10, 8),
(15, 'Chacal', 'img/chacal.png', 1973, 145, 'N', '', 14, 17, 11, 11, 9),
(16, 'Irati', 'img/irati.jpg', 2022, 114, 'N', '', 15, 18, 12, 4, 10),
(17, 'Sin tiempo para morir', 'img/sin_tiempo_para_morir.jpg', 2021, 163, 'N', '<p>James Bond ha dejado el servicio secreto y está disfrutando de una vida tranquila en Jamaica. Pero su calma no va a durar mucho tiempo. Su amigo de la CIA, Felix Leiter, aparece para pedirle ayuda. La misión de rescatar a un científico secuestrado resulta ser mucho más arriesgada de lo esperado, y lleva a Bond tras la pista de un misterioso villano armado con una nueva y peligrosa tecnología.</p>', 17, 20, 13, 2, 11),
(18, 'Spectre', 'img/spectre.jpg', 2015, 148, 'N', '<p>James Bond recibe un críptico mensaje del pasado que le confía una misión secreta que lo lleva a México D.F. y a Roma, donde conoce a Lucía Sciarra, la hermosa viuda de un infame criminal. Bond se infiltra en una reunión secreta y descubre la existencia de una siniestra organización conocida como SPECTRE. Mientras tanto, en Londres, el nuevo director del Centro para la Seguridad Nacional cuestiona las acciones de Bond y pone en duda la importancia del MI6, encabezado por M. De modo encubierto Bond recluta a dos colaboradores para que le ayuden a encontrar a Madeleine Swann, la hija de su gran enemigo, el Sr. White, pues quizá tenga la clave para desentrañar el misterio de SPECTRE. A medida que Bond avanza en su investigación, descubre una estremecedora conexión entre él y el enemigo que busca.</p>', 17, 20, 14, 2, 11),
(19, 'Casino Royale', 'img/casino_royale.jpg', 2006, 144, 'N', '<p>La primera misión del agente británico James Bond (Daniel Craig) como agente 007 lo lleva hasta Le Chiffre (Mads Mikkelsen), banquero de los terroristas de todo el mundo. Para detenerlo y desmantelar la red terrorista, Bond debe derrotarlo en una arriesgada partida de póquer en el Casino Royale. Al principio a Bond le disgusta Vesper Lynd (Eva Green), la hermosa oficial del Tesoro que debe vigilar el dinero del gobierno. Pero, a medida que Bond y Vesper se ven obligados a defenderse juntos de los mortales ataques de Le Chiffre y sus secuaces, nace entre ellos una atracción mutua.</p>', 17, 21, 15, 2, 11),
(20, 'Elysium', 'img/elysium.jpg', 2013, 109, 'N', '', 18, 22, 16, 6, 12),
(21, 'Distrito 9', 'img/distrito9.jpg', 2009, 112, 'N', '', 19, 23, 16, 6, 12),
(22, 'El Señor de los Anillos I', 'img/the_lord_of_the_rings_the_fellowship_of_the_ring.jpg', 2001, 178, 'S', '<p>En la Segunda Edad de la Tierra Media, los señores de los Elfos, los Enanos y los Hombres reciben anillos de poder. Sin saberlo, el Señor Oscuro Sauron forja el anillo Único en el Monte del Destino, infundiendo en él una gran parte de su poder para dominar, a través de él y a distancia, los otros Anillos, para que pueda conquistar la Tierra Media. Una alianza final de hombres y elfos lucha contra las fuerzas de Sauron en Mordor, donde el príncipe Isildur de Gondor corta el dedo de Sauron, y el Anillo con él, destruyendo así su forma física.</p>\n\n    <p>Con la primera derrota de Sauron, comienza la Tercera Edad de la Tierra Media. Desafortunadamente, la influencia del Anillo corrompe a Isildur, y, en lugar de destruir el Anillo, Isildur lo toma para sí mismo. Isildur es luego asesinado por los Orcos, y el Anillo se pierde por 2500 años, hasta que es encontrado por Gollum, quien lo posee por cinco siglos. El anillo es encontrado por un hobbit llamado Bilbo Bolson.</p>\n    \n    <p>Sesenta años más tarde, Bilbo celebra su 111 cumpleaños en la Comarca, reuniéndose con su viejo amigo, Gandalf el Gris. Bilbo revela que tiene la intención de dejar la Comarca para una última aventura, y deja su herencia, incluido el Anillo, a su sobrino, Frodo. Aunque Bilbo ha comenzado a corromperse por el Anillo e intenta guardarlo para sí mismo, Gandalf interviene. Gandalf, sospechoso del Anillo, le dice a Frodo que lo mantenga en secreto y que lo mantenga a salvo. Gandalf luego investiga el Anillo, descubre su verdadera identidad y vuelve a avisar a Frodo. Gandalf también se entera de que Gollum fue torturado por los orcos y que Gollum pronunció dos palabras durante su tortura: \"Comarca\" y \"Bolson\". Gandalf instruye a Frodo para que abandone la Comarca, acompañado por su jardinero Samsagaz Gamyi.</p>\n    \n    <p>Gandalf viaja a Isengard para reunirse con su hechicero Saruman el Blanco, pero se entera de que se ha unido a Sauron, quien ha enviado a los nueve Nazgûl para encontrar a Frodo. Después de una breve batalla, Saruman vence y encarcela a Gandalf. Frodo y Sam se unen a sus compañeros hobbits, Merry y Pippin, y evaden a los Nazgûl, llegando a Bree, donde están destinados a encontrarse con Gandalf. Sin embargo, Gandalf nunca llega, y en su lugar son ayudados por un guardabosques llamado Trancos, un amigo de Gandalf, que los acompaña a Rivendell.</p>\n    \n    <p>Los hobbits sufren una emboscada de los Nazgûl en Weathertop, cuyo líder, el Rey Brujo, apuñala a Frodo con una espada Morgul maldita. Arwen, una elfo, y Trancos acuden en ayuda de Frodo, lo rescatan e incapacitan a los nazgûl. Ella lo lleva a Rivendell para curarlo. Frodo se encuentra con Gandalf, quien escapó de Isengard con la ayuda de Gwaihir, un águila gigante, y con Bilbo, que se fue a Rivendell como parte de su última aventura. El padre de Arwen, Lord Elrond, convoca un consejo donde se decide destruir el Anillo en el Monte del Destino. Mientras los participantes discuten, Frodo se ofrece como voluntario para llevar el Anillo, acompañado por Gandalf, Sam, Merry, Pippin, el elfo Legolas, el enano Gimli, Boromir de Gondor y Trancos, quien se revela como Aragorn, el heredero de Isildur y el legítimo rey de Gondor. Bilbo, que sufre por la responsabilidad que ha asumido Frodo por sus acciones, le da a Frodo su espada, \"Dardo\". La Comunidad del Anillo comienza, pero la magia de Saruman los obliga a viajar a través de las Minas de Moria, para gran disgusto de Gandalf.</p>\n    \n    <p>Tras descubrir que los enanos de Moria han sido asesinados, la Comunidad sufre el ataque de los orcos y un troll de cueva. Logran derrotarlos, pero se enfrentan al Daño de Durin, un balrog que reside dentro de las minas. Gandalf lo hace caer a un vasto abismo, pero el balrog arrastra a Gandalf a la oscuridad con él. El resto de la Comunidad, ahora dirigida por Aragorn, llega a Lothlórien, hogar de los elfos Galadriel y Celeborn. Galadriel le informa a Frodo en privado que solo él puede completar la búsqueda y que uno de sus amigos intentará tomar el Anillo. Mientras tanto, Saruman crea un ejército de Uruk-hai para rastrear y matar a la Comunidad.</p>\n    \n    <p>La Comunidad abandona Lothlórien por el río a Parth Galen. Frodo se aleja y Boromir intenta quitarle el Anillo con desesperación pero luego, aunque decepcionado de sí mismo, logra recuperarse y volver a ser aliado del hobbit. Temiendo que el anillo corrompa así sus demás amigos, Frodo decide viajar solo a Mordor y casi en simultáneo La Comunidad es emboscada por los Uruk-hai. Merry y Pippin son llevados cautivos, y Boromir, luego de actos heroicos, es herido de muerte por el jefe de los Uruk, Lurtz. Aragorn llega y mata a Lurtz, y observa a Boromir redimido morir en paz. Sam sigue a Frodo y lo acompaña para continuar con su promesa a Gandalf de proteger a Frodo, mientras que Aragorn, Legolas y Gimli van a rescatar a Merry y Pippin.</p>', 12, 24, 17, 4, 13),
(23, 'El Señor de los Anillos II', 'img/the_lord_of_the_rings_the_two_towers-spain.jpg', 2002, 172, 'S', '<p>Tras internarse en Emyn Muil, Frodo Bolsón y Sam Gamyi se encuentran con la criatura Gollum, que intenta quitarles el Anillo por la fuerza pero, al verse vencido, promete a los hobbits guiarlos hasta Mordor. Tras sacarlos de Emyn Muil y atravesar la Ciénaga de los Muertos, llegan al Morannon, la «Puerta Negra» de Mordor. No obstante, la gran protección que tiene les imposibilita entrar por ahí y Gollum les propone tomar el camino secreto de Cirith Ungol. Durante el viaje, se encuentran con una tropa avanzada de montaraces de Gondor dirigida por Faramir, hijo del senescal de Gondor y hermano de Boromir, quien los toma como prisioneros y descubre que portan el Anillo Único. Faramir cuenta a los hobbits que Boromir ha muerto y que fue encontrado en un bote élfico. Esto hace pensar a Frodo, pues creía que Boromir solo quería el Anillo, y por su hermano descubre que murió protegiendo a la Compañía, tal y como habían jurado todos sus miembros al salir de Rivendel. Faramir decidió llevarlos ante su padre, pero, a su paso por la derruida ciudad de Osgiliath, los soldados gondorianos se encuentran combatiendo a las fuerzas de Sauron conducidas por algunos Nazgûl. Al darse cuenta del maligno poder del Anillo sobre Frodo, al que casi captura uno de los Nazgûl, Faramir decide liberarlos para que completen su misión.</p>\n\n<p>Mientras tanto, los uruk-hai que llevan prisioneros a Merry Brandigamo y Pippin Tuk son abatidos por los jinetes de Rohan exiliados y los hobbits consiguen escapar de la batalla, internándose en el bosque de Fangorn. Aragorn, Legolas y Gimli, que habían ido tras ellos, se encuentran con los restos de la batalla y siguen las huellas de sus amigos hasta el interior del bosque. En él se reencuentran con Gandalf, al que creían muerto tras su caída por el puente de Moria, y una vez les informa de que ha dejado a Merry y Pippin en buenas manos, se dirigen juntos a Edoras, capital de Rohan, para hablar con el rey Théoden. Sin embargo, este se encuentra hechizado por Saruman gracias a la ayuda del consejero del rey, Gríma, que trabaja en secreto para el mago. Bajo su influjo, desterró a su sobrino Éomer tras la muerte de Théodred, su hijo y heredero al trono. Gandalf logra liberarle y Théoden decide refugiar a su pueblo en la fortaleza del Abismo de Helm con el fin de no arriesgarse a un conflicto abierto con Isengard en Edoras.</p>\n\n<p>Saruman envía a un ejército gigantesco de uruk-hai a destruir el Abismo de Helm, mientras Gandalf va en busca de los rohirrim exiliados para la batalla. El elfo Haldir, del bosque de Lothlórien, acude con un pequeño ejército de galadhrim en ayuda de Rohan y juntos consiguen resistir hasta la llegada de Gandalf, Éomer y numerosos rohirrim, que derrotan a los uruks.</p>\n\n<p>Mientras tanto, Pippin y Merry, que habían sido confiados por Gandalf al ent Bárbol, acuden junto con él a un concilio entre varios miembros de su raza en el que estos decidirían qué hacer respecto a la guerra. Tras largo tiempo dialogando, deciden que no es asunto suyo. No obstante, cuando Bárbol lleva a los hobbits fuera del bosque, descubre que Saruman ha talado muchos árboles y con su grito atrae de nuevo a todos los ents, que marchan hacia Isengard y la destruyen.</p>\n\n<p>Tras estas victorias, Gandalf y el resto creen que ha llegado la hora de librar la batalla final, que se decidirá en Gondor y donde todos jugarán sus últimas cartas por el futuro de la Tierra Media.</p>', 12, 24, 17, 4, 13),
(24, 'El Señor de los Anillos III', 'img/the_lord_of_the_rings_the_return_of_the_king-spain.jpg', 2003, 201, 'S', '<p>La historia comienza con un recuerdo de cómo el hobbit Smeágol llegó a poseer el Anillo de Poder, tras matar a su amigo Déagol, quien lo había encontrado en el fondo de un río (donde cayó muchos años antes, como se vio en la primera película, cuando unos orcos asesinaron a Isildur, quien había cortado el dedo a Sauron en el Sitio de Barad-dûr, que concluyó la Guerra de la Última Alianza, y había conservado el Anillo a pesar de las advertencias de Elrond). A partir de entonces continúa el relato en donde se dejó mientras Gollum lleva a Frodo y Sam a través de la entrada cercana a Minas Morgul, en donde ven a sus ejércitos partir a la guerra.</p>\n\n<p>Luego de la victoria en la batalla del Abismo de Helm, el Rey de Rohan, junto a Gandalf, Aragorn, Legolas, Gimli y Éomer se dirigieron hacia Isengard, la ciudadela de Saruman desde la que había partido el ataque. La encontraron completamente destruida por los Ents, y volvieron a reencontrarse con Merry y Pippin. Entre las ruinas de la ciudad, Pippin encontró el palantir de Saruman, que Gandalf rápidamente tomó bajo su custodia (en la versión extendida DVD, hay una escena eliminada donde se muestra a Saruman y a Grima. Gandalf rompe la vara de Saruman y el rey Théoden invita a Grima a regresar a Rohan. Saruman se burla de Grima, y este, lleno de ira, coge una daga que tenía escondida y lo apuñala. Legolas lanza una flecha que impacta a Grima y ambos mueren. Saruman cae desde la terraza de la torre y cuando llega al suelo suelta el Palantir que tenía escondido. Luego Pippin lo encuentra).</p>\n\n<p>Después de las celebraciones de la victoria, Pippin tuvo gran curiosidad por ver de nuevo la piedra, y se la quita a Gandalf mientras dormía. Vio en ella el ojo de Sauron, quien intentó obtener información de él, aunque Gandalf logró intervenir rápidamente, sin que Pippin revelara nada sustancial. Pippin, en cambio, sí llegó a ver algo importante: un árbol blanco. El mago entendió que se trataba del Árbol Blanco de Minas Tirith, lo cual quería decir que Sauron planeaba atacar Minas Tirith. Gandalf partió inmediatamente a advertirles, y llevándose también a Pippin para protegerlo en la ciudad. Pero al llegar se encuentran al Senescal Denethor II apenado por la muerte de su hijo preferido, Boromir, y completamente indiferente a todo lo demás. Sintiéndose en parte responsable, ya que Boromir murió defendiéndolo, Pippin ofrece sus servicios a Denethor como soldado. Denethor desconfía de Gandalf sabiendo Aragorn acompaña al Rey Théoden, quien deberá recuperar su trono como heredero de Isildur, lo que significaría el derrocamiento de Denethor, quien le reprocha a Gandalf que quiera usarlo de escudo contra el ataque de Mordor, para que luego Aragorn ocupe el trono. Por todo esto Denethor se niega a seguir la recomendación de Gandalf acerca de pedir auxilio de Rohan, pero Gandalf decide invocar la ayuda de Rohan y manda a Pippin a encender las almenaras de Minas Tirith. Aragorn al advertir la petición de ayuda la comunica a Théoden, quien a pesar de haber dudado en intervenir (ya que Gondor no le auxilió en la Batalla del Abismo de Helm ni en otros ataques de Saruman), al final decide reunir a su ejército para marchar a la guerra, y pide a Gamling y a Éomer que lleven a todos los hombres posibles al Baluarte del Sagrario.</p>\n\n<p>Las fuerzas de Rohan se toman unos días para reunir a sus jinetes, para luego partir hacia Minas Tirith; Théoden se lamenta al ver que no todos sus súbditos acuden al llamado y que no contará con fuerzas suficientes para derrotar a Mordor, entonces Gamling le reprocha que no lograrán regresar con la victoria, pero Théoden le dice a él y a otros hombres que eso no importa, lo que importa es enfrentarlos en batalla a pesar de que sean derrotados, así decide proseguir la marcha. Aragorn recibe una misteriosa visita de Elrond: su hija Arwen vio en un futuro que podría tener hijos con Aragorn y eso la decidió a quedarse en la Tierra Media, por lo que Elrond brindó su ayuda en la guerra reforjando la gran espada Narsil que había derrotado a Sauron en su momento (los fragmentos de la espada que se conservaron por siglos en Rivendel, fueron reforjados en una nueva espada con el nombre de Andúril, Llama del Oeste), y recordándole a Aragorn que con esa arma conseguiría la cooperación del ejército de los muertos (que tenían una promesa por cumplir hecha al rey Isildur). Con esta espada, Aragorn, Legolas y Gimli abandonan al resto del ejército de Rohan y se adentran en una caverna en donde mora el ejército de los muertos. (En el libro de Tolkien al entrar a la caverna encuentran el cuerpo de Baldor hijo de Brego, segundo rey de Rohan). Estos fantasmas habían prometido ayuda a Isildur pero no se la brindaron, por lo que tras su victoria sobre Sauron los maldijo para que, aún después de muertos, no tuvieran paz. Solo si un día pagaban su deuda podrían hacerlo. Aragorn reclamó su ayuda, prometiendo como Rey de Gondor que daría su deuda por cumplida.</p>\n\n<p>Gollum, por su parte, después de haber dicho a Frodo que Sam quería quedarse con el Anillo, para lo que le pediría tomarlo en algún momento, tomó el pan que quedaba, dejó migas en las ropas de Sam y lo inculpó de haberse comido todo. Mientras Sam golpea repetidamente a Gollum, Frodo sufre una descompensación y Sam, al verlo se ofrece ayudarlo con el Anillo, así Gollum logra hacer que Frodo desconfíe de Sam y lo aparte de su viaje, justo cuando lo hizo entrar en el paso de Cirith-Ungol y al antro de Ella-Laraña. Aun así, logró liberarse y atacar a Gollum. Gollum aseguró ser inocente, que el Anillo lo obligaba a hacer lo que hizo, y Frodo le dijo entonces finalmente para qué iba a Mordor: para destruirlo. Gollum volvió a atacar, pero cayó por un barranco. Ella-Laraña atrapó a Frodo luego de eso, pero fue ahuyentada por Sam. Sam creyó que Frodo estaba muerto por el veneno que le inyectaron y le quitó el anillo para continuar la misión, pero entonces llegaron unos orcos. Sam se escondió, y los orcos encontraron y se llevaron el cuerpo de Frodo, que comentaron que no estaba muerto sino solo inconsciente por varias horas.debido a un conflicto entre los orcos por la cota de malla de mithril de Frodo, estos empezaron a matarse mutuamente. Sam se infiltró en su fortaleza y lo liberó, Frodo creyó que el anillo había sido tomado por los orcos, hasta que Sam le mostró el anillo, ante la negativa de Sam a darle el anillo por el daño que le causaba a Frodo, Frodo le explicó que la misión solo la podía cumplir él ya que podría llegar a matar a Sam. Tras esto continuaron su viaje, disfrazados de orcos para pasar inadvertidos.</p>\n\n<p>Denethor envió a su hijo Faramir en una misión destinada al fracaso porque le odiaba profundamente y le culpaba por la muerte de su hermano, para que recupere un bastión de Minas Tirith Osgiliath, conquistado previamente por los orcos. Faramir aceptó esa misión suicida solo por su afán de demostrarle a su padre que él también era un guerrero leal y competente, y dolido por la preferencia abierta que su padre siempre tuvo por Boromir. Solo Faramir logra regresar, pero mal herido y Denethor al ver a su hijo herido por varias flechas enloqueció, creyéndolo muerto. Mientras el grueso de las fuerzas de Mordor avanzaban sobre la ciudad, Denethor (olvidando defender Minas Tirith) fue junto a su hijo a quemarse vivo en una pira. Más tarde, Pippin le informa a Gandalf lo que va a hacer Denethor y apresuradamente va al palacio a salvar a Faramir. Gandalf logra retirar de la hoguera a Faramir, que aún estaba vivo, pero Denethor se incineró, cayendo al vacío desde la ciudadela.</p>\n\n<p>Por otro lado, las huestes de Mordor inician el asedio a la ciudad blanca. Gandalf se las arregló para organizar a las tropas de Gondor para la defensa a la espera de que llegue Théoden y sus jinetes, a pesar de que sea tarde. Durante todo un día los hombres de Gondor mantienen sus posiciones frente a la sombra gracias a su coraje y valor demostrado contra Mordor durante muchos enfrentamientos anteriores, lo que ocasiona bajas importantes en el ejército de Sauron. Sin embargo, debido a su gran número las fuerzas de Mordor apenas si podían ser contenidas, y con el gran ariete Grond tiraron abajo las puertas de la ciudad, entrando en Minas Tirith y obligando a los soldados de Gondor a retroceder al segundo nivel. Con estos sucesos y a pesar de la gran resistencia ofrecida por Gondor en cada calle, cada casa, luchando cada hombre hasta el último aliento, creyendo perdida la esperanza de sobrevivir y cuando ya la victoria de Sauron parecía cercana; en la versión extendida Gandalf y el Señor de los Nazgûl se enfrentan y justo cuando parece que Gandalf morirá aparecen en el horizonte los jinetes de Rohan, que volvieron a emparejar la situación gracias a su poderosa carga de caballería y hace retroceder a los orcos. Ante esto Mordor trajo poderosos refuerzos: un ejército de sureños (Haradrim) con olifantes (criaturas similares a elefantes, solo que mucho más grandes y sobre los cuales se construían grandes torres donde iban arqueros), ante esto el Rey de Rohan ordena que su ejército se forme para volver a cargar contra los sureños y con mucho esfuerzo los hombres de Rohan se libraron de algunos de ellos y mostraron gran resistencia a pesar de las bajas sufridas.</p>\n\n<p>La batalla parecía empezarse a perder, pero Théoden es herido mortalmente por el Rey Brujo, quien le ordenó a su bestia alada que se diera un festín con la carne del rey caído. Éowyn apareció para defenderlo y fue herida también por el espectro, el cual le recordó que ningún hombre era capaz de matarlo. En ese momento Merry apareció por detrás y le clavó su puñal en la pantorrilla; Éowyn se quitó el casco y reveló que no era un hombre sino una mujer, acto seguido le atravesó la cabeza invisible con su espada. El Rey Brujo finalmente desapareció, vencido no por un hombre sino por una mujer y un hobbit.</p>\n\n<p>Entonces aparecieron también varios barcos de los Corsarios de Umbar que Mordor esperaba, para atracar en los muelles de Osgilliath, pero para sorpresa de los orcos, de esos barcos bajaron Aragorn, Legolas y Gimli, que los habían tomado al abordaje. Con ellos venía el ejército de los muertos, que limpió los campos de Pelennor por completo: todas las clases de criaturas que Mordor había llevado a la guerra eran pulverizadas en segundos.</p>\n\n<p>Al terminar la batalla, el rey de los muertos reclamó a Aragorn cumplir su promesa de liberarlos. Gimli aconsejó no hacerlo, Mordor aún era un peligro y ellos eran muy útiles, pero Aragorn cumplió su promesa y consideró pagada su deuda. Los espectros desaparecieron.</p>\n\n<p>Gandalf aseguró que Sauron pronto recuperaría el Anillo y que resistir los ataques era inútil, ya que Mordor era mucho más poderoso y finalmente prevalecería. Su única esperanza era que Frodo tuviera éxito en destruir el Anillo, entonces Aragorn aconseja que reúnan a los hombres y marchen al Puerta Negra pero Éomer dice que no vencerán a Sauron. Sin embargo se preparan para que el ejército mantenga la atención de Sauron enfocada sobre ellos, y distraído de la presencia de Frodo y el Anillo en su propio territorio. Todos los supervivientes marcharon a la Puerta Negra, donde Aragorn exigió a Sauron que se rindiera, pero en lugar de eso las puertas se abrieron y por ella apareció el ejército del Señor Oscuro, y un mar de enemigos los rodeó.</p>\n\n<p>Desafiando a Sauron por última vez, los hombres del Oeste cargaron liderados por Aragorn contra los ejércitos de Sauron. Durante un tiempo mantuvieron su posición, pero el número de enemigos no parecía agotarse y las fuerzas de los hombres empezaban a decaer.</p>\n\n<p>Frodo y Sam llegaron finalmente al Monte del Destino, donde Gollum reaparece para recuperar el anillo. Pero, una vez junto al borde por donde Frodo podría tirar el anillo al fuego y destruirlo, finalmente sucumbe ante su poder y lo reclama para sí mismo. Gollum entró entonces y, aunque Frodo era invisible, se lo tiró encima y le arranca el dedo para quitarle el anillo. Entre ambos se lo disputaron al borde del abismo, y cayeron por él. Frodo se pudo sostener del borde, pero Gollum y el Anillo cayeron a las llamas y fueron destruidos. Justo en ese mismo momento, cuando el fin de los hombres parecía inevitable, la torre de Barad-dûr se vino abajo, el Gran Ojo explotó, Mordor se hundió en el suelo y todos los orcos huyeron o murieron.</p>\n\n<p>Gandalf rescató a Frodo y Sam de Orodruin (Monte del Destino) montando en el lomo de Gwaihir, el Señor de los Vientos, y los hobbits recibieron honores en Gondor durante la coronación de Aragorn como rey por parte de todos sus habitantes y también de Rohan, pues gracias a ellos su mundo se salvó y tenían una oportunidad de empezar a vivir al fin en paz. Luego volvieron a la Comarca, donde Sam se casó con Rosita. Frodo escribió sus memorias, dejándole a Sam el final del libro; finalmente se embarcó a las Tierras Imperecederas junto a Bilbo, Gandalf, Elrond, Galadriel y los elfos restantes. La película acaba con la vuelta de Sam a su casa, donde lo esperan su hija, Rosita y su pequeño bebé, tras despedir a sus amigos en los Puertos Grises. Sam dice: \"Bueno. Estoy de vuelta\", (palabras con las que también terminaba la novela), entran juntos en casa, y cierra la puerta.</p>', 11, 24, 17, 4, 13),
(25, 'El Hobbit (I)', 'img/el_hobbit_spain1.jpg', 2012, 169, 'N', '<p>Precuela de la trilogía \"El Señor de los Anillos\", obra de J.R.R. Tolkien. En compañía del mago Gandalf y de trece enanos, el hobbit Bilbo Bolsón emprende un viaje a través del país de los elfos y los bosques de los trolls, desde las mazmorras de los orcos hasta la Montaña Solitaria, donde el dragón Smaug esconde el tesoro de los Enanos. Finalmente, en las profundidades de la Tierra, encuentra el Anillo Único, hipnótico objeto que será posteriormente causa de tantas sangrientas batallas en la Tierra Media.</p>', 20, 11, 17, 4, 13),
(26, 'Lawrence de Arabia', 'img/Lawrence_of_arabia.jpeg', 1962, 222, 'S', '', 21, 23, 18, 8, 5),
(27, 'Top Gun', 'img/top_gun.jpg', 1986, 110, 'N', '<p>La Marina de los Estados Unidos ha creado una escuela de élite para pilotos con el fin de sacar una promoción de expertos en técnicas de combate. En la academia, más conocida como Top Gun, a los mejores se les entrena para ser intrépidos y fríos al mismo tiempo, capaces de no perder los nervios en situaciones extremas y de no inmutarse al romper la barrera del sonido a los mandos de un F-14. A la escuela llega el joven Maverick, famoso por su temeraria aunque brillante forma de pilotar.</p>', 3, 26, 19, 2, 3),
(28, 'The Italian Job (2003)', 'img/the_italian_job.jpg', 2003, 111, 'N', '<p>John Bridger (Donald Sutherland) habla con su hija Stella (Charlize Theron) por teléfono para anunciarle que ese sería su último robo. Más tarde John queda con el planificador, Charlie (Mark Wahlberg), para hablar sobre el robo. Ambos son buenos amigos y se tienen un gran respeto.</p>\n\n<p>El grupo encabezado por Charlie estaba formado por el infiltrado Steve (Edward Norton), el genio de la informática Lyle (Seth Green), Rob (Jason Statham) como conductor, Oído izquierdo (Mos Def) el experto en explosivos y John, que era el encargado de reventar la caja fuerte. El plan era perfecto, por lo que el robo en Venecia fue como se esperaba y la euforia invade a todos los presentes durante un corto periodo de tiempo. Entonces se dan cuenta de que uno de los miembros del grupo, Steve, ha traicionado al resto para quedarse él solo con el oro, lo que termina con la muerte de John. Tiempo después el grupo localiza a Steve en Los Ángeles, y con Charlie al mando deciden jugarle el mismo juego, por lo que recurren a Stella, la hija de John, para dar un golpe que les haga recuperar el dinero perdido y de paso vengarse por la muerte de John.</p>', 22, 8, 20, 2, 3);
INSERT INTO `peliculas` (`pk_id_pelicula`, `titulo`, `cartel_pelicula`, `anio`, `duracion`, `oscar_pelicula`, `resumen`, `fk_id_actor`, `fk_id_actriz`, `fk_id_director`, `fk_id_genero`, `fk_id_produccion`) VALUES
(29, 'El Imperio del Sol', 'img/el_imperio_del_sol.jpg', 1987, 154, 'N', '<p>En 1937 Japón le declaró la guerra a China (Segunda guerra sino-japonesa), antes de hacerlo también a Estados Unidos y el Reino Unido. En medio de esta situación bélica vive Jamie Graham, un niño británico de clase acomodada fascinado por los aviones y los pilotos japoneses. Jamie vive con sus padres una vida privilegiada ajeno a los desastres que suceden a pocos metros de su mansión situada en el asentamiento internacional de Shanghái. Se presenta como un niño rico y consentido.</p>\r\n\r\n<p>Un día acude con sus padres a una fiesta de disfraces para occidentales ricos. En el camino, el chófer chino de la familia se ve obligado a internarse en un suburbio de Shanghái, en donde Jamie, que vive en una especie de mundo británico aparte, observa la cruda realidad por primera vez en la película: marineros estadounidenses escogiendo prostitutas chinas, una agradable monja que le saluda y vendedores ambulantes. Además ve a un muchacho chino que le asusta gritándole \"¡no papá, no mamá, no whisky soda!\", justo antes de ser apaleado por un policía británico de los que guardan los coches. Más adelante los coches entran en masa con civiles chinos desesperados, que gritan y suplican entrar a la Concesión Internacional para salvarse de los soldados japoneses, ante el horror de los occidentales. Al fin llegan a la fiesta y, vagabundeando con su avión de juguete, Jamie encuentra un avión japonés derribado y cerca de él, un campo lleno de soldados japoneses atrincherados. Jamie queda totalmente sorprendido, igual que los soldados japoneses al verle, no siendo consciente del peligro inminente. Su padre y otro hombre británico le encuentran y le insisten en que salga de esa zona, aunque sin correr. Es el primer contacto real con lo que se está gestando.</p>\r\n\r\n<p>Tras el ataque japonés a Pearl Harbor en 1941, los japoneses empiezan la ocupación del asentamiento internacional de Shanghái y en el consiguiente caos para escapar de la ciudad y tomar el ferry de salida, Jamie pierde a sus padres entre las multitudes de gente asustada, durante el cual se desata un tiroteo entre los miembros de la Resistencia China (apostados en los tejados) y las fuerzas del Ejército Imperial Japonés, del cual Jamie logra escapar de milagro. Jamie, solo, vuelve a casa y allí está una temporada esperando que regresen sus padres y comiéndose las reservas de comida que quedan. Cansado de la soledad y de la falta de recursos, decide salir a rendirse al Ejército Imperial Japonés que ocupa Shanghái.</p>\r\n\r\n<p>Se podría decir que el mundo de Jamie cambia radicalmente a partir de la primera bomba. La comodidad de un hogar rico, los bizcochos, los agradables criados chinos, la opulencia, todo se viene abajo de repente. De hecho, se puede observar una escena en la que los ricos occidentales, que huyen despavoridos del hotel en el que estaban instalados, casi son aplastados por una enorme cantidad de maletas que alguien demasiado rico no quiso dejar atrás. En un cierto sentido parece como si a partir de ese momento, las riquezas no servirían de nada, sino la inteligencia.</p>\r\n\r\n<p>La sombra de David Lean planea sobre esa parte, en la que la contención y el manejo de masas —es una de las películas en las que se empleó el mayor número de extras— pueblan la mayor parte del relato. A partir de aquí la película tiene un toque más Spielberg.</p>\r\n\r\n<p>Hambriento, Jamie vaga por las calles intentando desesperadamente rendirse a los soldados japoneses, que le hacen caso omiso y se burlan de él. Le persigue un chico callejero (el que antes le gritó cuando iba a la fiesta) que al final le atrapa y le roba los zapatos y, por último, está a punto de ser atropellado por una camioneta conducida por Frank. Este le lleva junto a Basie (John Malkovich), un estafador estadounidense de oscuro pasado y dudosas intenciones que vive junto con Frank en un barco abandonado en un río. Los nuevos “amigos” de Jamie le ponen el mote de Jim e intentan venderle por sus dientes (muy bien cuidados) y al no conseguirlo quieren dejarle abandonado, pero él les convence de encontrar casas ricas vacías en el barrio donde vivía con sus padres y les guía hacía allí. Al llegar a la casa de Jamie, encuentran las luces encendidas, se ve una tenue figura a través de la ventana y se escucha tocar al piano una de las piezas favoritas de la madre de Jamie. El niño se precipita al interior de la casa creyendo que es su madre, pero lo que encuentra es un grupo de soldados japoneses que se estaban relajando en el interior de la casa y que salen afuera, donde golpean y atrapan a Basie y Frank cuando trataban de huir en su destartalada furgoneta.</p>\r\n\r\n<p>Todos son conducidos al Lunghua Civilian Assembly Center, en la misma Shanghái. Allí, la vida pende de un hilo, y Basie enseña a Jim cómo sobrevivir por todos los medios posibles mientras éste le cuida. Un tiempo más tarde llega una furgoneta con el objeto de llevarse internos al campo de prisioneros de Suzhou Creek (también en Shanghái, aunque algo más lejos), que está junto a un aeródromo militar japonés. Basie es elegido para ir al campo, pero Jim no, aunque al final consigue ir porque conoce el camino y puede guiar al conductor. Al llegar al campo, Jim es atraído por el rumor de hombres trabajando y se encuentra vagando entre los soldados del escuadrón de cazas Mitsubishi A6M Zero. Encuentra un reluciente avión e hipnotizado lo toca como en trance, cuando aparecen tres pilotos de combate, a los que Jim saluda y éstos le devuelven el saludo. Sólo un detalle del guion nos mantiene al niño conectado con su realidad pasada: el chocolate.</p>\r\n\r\n<p>En la parte descrita en el anterior párrafo, se observan detalles importantes: en Lunghua, se ve a un joven matrimonio de ricos británicos (que acabarán acogiendo a Jim en su barracón en Suzhou Creek); el esposo trae la comida, un pedazo de carne hervida, y ella le espeta \"¡te has olvidado de los cubiertos!\", pues aún no había asumido, al contrario que su marido, la nueva realidad: sus privilegios habían terminado absolutamente; asimismo, cuando llegan a Suzhou, tanto ella como otros ricos protestan porque los nipones les obligan a trabajar, siendo golpeados, en tanto que Basie y Jim, supervivientes inteligentes, se ponen a trabajar sin rechistar.</p>\r\n\r\n<p>Pasan los años. Es el inicio de 1945 y sólo faltan unos meses para que la guerra en el Pacífico termine. Jim se ha establecido en el campo realizando un trabajo extensivo de intercambio de cosas que incluso alcanza al oficial al mando, el sargento Nagata. El Dr. Rawlings, médico del campo, se convierte en una figura paternal y un profesor para él. La vida en el campo es una mezcla de terror, enfermedades y duras condiciones de vida. Una noche, un Boeing B-29 Superfortress es derribado y se estrella junto al campo, y Nagata, en represalia, ordena la destrucción de las ventanas de los barracones de los presos. Cuando unos japoneses, acompañados de Nagata, van a romper los cristales de la enfermería, el Dr. Rawlings intenta impedirlo, pero Nagata comienza a apalearle. Jim hace aparición en escena, y muestra su gran inteligencia: llama a Nagata, y le hace ver cómo le obedece rompiendo él mismo una ventana de la enfermería. Luego se arrodilla y le pide clemencia en fluido japonés. Esto logra terminar, al menos en parte, con la represalia. Otro día a través de la alambrada Jim observa a un joven japonés, que juega con un avión de juguete y desea ser un famoso piloto. También empieza a descubrir el sexo, sintiendo atracción por la mujer que le ha acogido en su barracón, aunque la joven en realidad está enferma y es despótica con el niño.</p>\r\n\r\n<p>Sigue siendo amigo de Basie, que ahora está bastante cómodamente instalado en los barracones de los prisioneros estadounidenses, y le visita frecuentemente. Jim idolatra a los estadounidenses, no solo por ser pilotos, sino también por la aureola de ser estadounidenses. Un día, Basie le encarga poner trampas para cazar pájaros fuera de la alambrada, prometiéndole un sitio en el pabellón estadounidense si lo consigue. En el fondo, Basie quiere saber si hay minas en la zona, pero no se lo dice al niño. Jim consigue poner las trampas con ayuda de su amigo japonés y es bienvenido en el pabellón estadounidense. Mientras, Basie planea la fuga.</p>\r\n\r\n<p>Durante una inspección sorpresa en el barracón estadounidense, Nagata descubre una pastilla de jabón suya que Jim le había robado para dársela a Basie. Este último recibe una severa paliza y, mientras está en la enfermería, los demás hombres del barracón le roban todas sus posesiones. Jim vuelve al barracón de los británicos.</p>\r\n\r\n<p>Un amanecer, Jim es testigo de un ritual kamikaze realizado por tres pilotos japoneses en la base aérea de al lado. Impulsado por la emoción de la ceremonia, empieza a cantar la canción galesa \"Suo Gân\". Cuando los japoneses comienzan a despegar, sobreviene un ataque a la base por un grupo de cazabombarderos North American P-51 Mustang. Abrumado por todo lo que está pasando, Jim sube a las ruinas de una pagoda cercana para ver mejor el ataque aéreo. El doctor va a buscarlo e intenta que baje para que no resulte herido, pero Jim no quiere bajar. Al final, muy nervioso, estalla en llanto y confiesa al doctor que no recuerda ya cómo era su madre. Como resultado del ataque, los japoneses deciden evacuar el campo y durante la confusión subsiguiente, Basie escapa, dejándose a Jim allí pese a que le prometió que le llevaría con él. La marcha de los prisioneros campo a través provoca muchas muertes por fatiga, hambre y enfermedades. La Sra. Victor muere y Jim cree que la luz que ve en el cielo es su alma ascendiendo, pero después sabrá que fue la luz provocada por la detonación y la radiación de la bomba atómica de Hiroshima (a muchos kilómetros de allí), y que la guerra está a punto de terminar.</p>\r\n\r\n<p>Al final, llegan a un estadio de fútbol cerca de Nantao, que ofrece un espectáculo surrealista de todo tipo de cosas confiscadas por los japoneses. Jim se escabulle de allí y vuelve a Soochow Creek. Allí, casi muerto de inanición, se reencuentra con su amigo japonés, que no puede desempeñar sus obligaciones como kamikaze porque su avión no funciona. El joven ofrece un mango a Jim y cuando va a cortarlo con su katana, reaparece Basie con un grupo de estadounidenses, saqueando los contenedores de víveres que envía la Cruz Roja. Uno de los estadounidenses, creyendo que Jim está en peligro, dispara y mata al joven japonés. Jim, furioso, golpea al asesino. Basie le aparta y le promete llevarle de vuelta a Shanghái con sus padres, pero Jim le rechaza y se queda allí. “Me enseñaste a que la gente es capaz de todo por una patata”, le dice Jim a Basie y esa frase es un punto de inflexión, pues para el niño ha desaparecido toda la aureola que rodeaba al personaje de Malkovich y le descubre como lo que es. Al final, Jim es encontrado por las tropas estadounidenses, ante las que se rinde y lo llevan a un orfanato en Shanghái.</p>\r\n\r\n<p>En la escena final, los padres de Jim no le reconocen inicialmente, pues está muy cambiado y endurecido por lo vivido. Después, su madre le reconoce y se abrazan. Aquí hay una preciosa enseñanza donde en el reencuentro, el niño observa con extrañeza el carmín de los labios, el pelo limpio de su madre y el perfecto traje, nada que ver con su recuerdo idealizado, pero a la vez ajeno a sus prioridades después de las penurias vividas. Jim cierra los ojos. Su maleta (con la que vivió todas sus experiencias en la guerra) aparece flotando en el río. Es el símbolo de la niñez y la inocencia perdidas que nunca volverán.</p>', 23, 28, 9, 8, 1),
(30, 'Batman Begins', 'img/batman_begins.jpg', 2005, 140, 'N', '<p>De niño, mientras juega con su amiga Rachel Dawes (Emma Lockhart), Bruce Wayne (Gus Lewis) se cae a un pozo seco, donde una bandada de murciélagos lo ataca, ocasionando que desarrolle un profundo miedo a estos animales en particular. Poco después es rescatado por su padre Thomas (Linus Roache), que lo cuida y le sana su brazo fracturado por la caída. Posteriormente mientras mira una ópera con sus padres, el muchacho se asusta por los actores disfrazados de murciélagos y pide irse. Afuera, un desesperado ladrón llamado Joe Chill (Richard Brake) asalta a la familia, matando a ambos padres y quedando el joven bajo la custodia del mayordomo de la familia, Alfred Pennyworth (Michael Caine). Durante el sepelio de sus padres, Bruce siente ira y se culpa por la muerte de sus padres, ya que de no haber pedido que se fueran, jamás se habrían encontrado con Chill, quien poco después del crimen es arrestado.</p>\r\n\r\n<p>Catorce años después, Chill queda libre a cambio de declarar contra el jefe de la mafia de Gotham City, Carmine Falcone. Un adulto Bruce (Christian Bale), quien había vuelto de la Universidad de Princeton, va a la audiencia pretendiendo matar a Chill como venganza, pero la mafia se le adelanta. Al enterarse de que Bruce tenía otro propósito en mente, una adulta Rachel (Katie Holmes) se enoja con él por intentar socavar al sistema jurídico, aunque este fuera corrupto, sabiendo que Falcone había sobornado al juez para poder asesinar a Chill y que a su vez Falcone creaba más delincuencia teniendo devastada la ciudad; con esto Rachel hace sentir a Bruce culpable, diciéndole que su padre estaría avergonzado. Luego lo lleva a confrontar a Falcone en un club nocturno, donde este último demuestra que el verdadero poder se obtiene a través del miedo y le explica que en lo que respecta a la naturaleza criminal, Bruce es un ignorante y Falcone lo echa de su club. Bruce decide recorrer el mundo, aprendiendo nuevas habilidades para confrontar la injusticia. En Extremo Oriente, Bruce comienza a entender la mente de los criminales hasta que es detenido por las autoridades chinas por robar, irónicamente, un cargamento de las Empresas Wayne. En una cárcel en Bután tras ser encerrado en el calabozo luego de golpear a varios reos, conoce a Henri Ducard (Liam Neeson), quien ofrece entrenarlo como un miembro de la Liga de las Sombras, liderada por Ra\'s al Ghul. A su salida de la cárcel, Wayne se encamina a la cima de la montaña para comenzar su entrenamiento con la Liga de las Sombras, tal y como le indicó Ducard, lleva consigo una rara especie de amapola azul. Es llevado con Ra\'s Al Ghul (Ken Watanabe), el hombre más poderoso de esas tierras, el cual le ordena a Henri ayudar a Wayne para combatir el mal. Durante el entrenamiento comparte charlas filosóficas con Ducard. Bruce aprende en los entrenamientos cómo enfrentarse a 600 hombres, camuflarse y finalmente superar su fobia a través de un inhalante hecho a partir de la amapola azul.</p>\r\n\r\n<p>Después de completar su entrenamiento muy pronto gracias a su fortaleza y dominar sus miedos, Ra\'s Al Ghul le da una última prueba a Bruce; asesinar a un ladrón, para entrar a la misteriosa orden conocida como la Liga de las Sombras, pero este se niega a hacerlo ya que es una decisión muy drástica para demostrar su entrega a la justicia. Bruce se entera de que la Liga intenta destruir Gotham City, creyendo que es corrupta e imposible de salvar, como la organización ya había hecho con otras ciudades a través de la historia; se niega a participar de la cruzada, lo que causa una batalla y un incendio que quema el templo de la Liga. Los escombros caídos matan a Ra\'s, mientras Bruce salva a un Ducard inconsciente que estaba en peligro de caer por un acantilado.</p>\r\n\r\n<p>Poco después, vuelve a Gotham City y se encuentra con una ciudad aun sumergida en el crimen, dirigido por Falcone. Vuelve a ocupar su lugar dentro de Empresas Wayne y comienza una carrera para combatir la corrupción del sistema judicial y policial. Para ello, construye una base en las cuevas infestadas de murciélagos bajo los cimientos de la Mansión Wayne y se interesa por la compañía de su familia, Wayne Enterprises, que maneja el inescrupuloso presidente William Earle (Rutger Hauer), quien tras dar a Bruce por muerto en sus 7 años de ausencia planea cotizar la compañía en la bolsa de valores. Mientras tanto Bruce se alía al mejor científico y ex-directivo de la compañía, Lucius Fox (Morgan Freeman), quien le presenta a Bruce varios prototipos tecnológicos, incluyendo un vehículo todoterreno conocido como el Acróbata, que es capaz de saltar puentes el cual Bruce pide llevarse en color negro, además de ello le proporciona un traje protector de nomex y kevlar junto con un arnés para obreros del mismo material, el cual Wayne usa para colgarse del cinturón, y un prototipo de capa parecido a un paracaídas, que se extiende dejando pasar una corriente eléctrica por ella, además de una capucha de murciélago hecha de un material basado en el grafito traída de Singapur y Japón. Con todos estos equipos, Bruce toma cada uno de estos artefactos junto con el armamento necesario para realizar unas modificaciones a las mismas para usarlas y tomar la identidad del vigilante protector llamado «Batman». A su vez se alía con el Sargento James Gordon (Gary Oldman), el cual trabaja en el departamento de policía de Gotham City, siendo uno de los pocos policías justos y honestos que quedan. Luego recurre a su amiga Rachel, ahora asistente del fiscal del distrito. Así, intercepta un cargamento de droga y al mismo Falcone en el lugar y le provee a Rachel, a quien salva de ser asesinada, evidencia contra Falcone, permitiéndole al honesto Sargento Gordon arrestar al mafioso previamente intocable. Para evitar que sepan que él es Batman, Alfred, su mayordomo, le aconseja que finja adoptar la personalidad de un playboy multimillonario. Tras la captura de Falcone, el comisionado Loeb también ordena al resto de la policía de Gotham City que capturen a Batman por ser un vigilante no autorizado por la ley.</p>\r\n\r\n<p>Falcone y sus ayudantes son juzgados y encarcelados, pero Falcone teniendo en su nómina al Dr. Jonathan Crane (Cillian Murphy), un corrupto psicofarmacólogo, hace que este declare a Falcone mentalmente incapacitado para que lo juzguen y lo transfiere al Asilo Arkham, del que es el administrador. Cuando el mafioso amenaza con revelar que ha estado importando una droga alucinógena inductora del miedo para los empleadores del doctor, este último lo expone a ella usando una máscara de arpillera, provocándole un trastorno que se manifiesta como miedo al «Espantapájaros». Mientras investiga a Crane, Batman se ve expuesto al mismo alucinógeno y queda incapacitado. Sin embargo, Alfred lo salva y le suministran un antídoto que Fox había sintetizado y desarrollado a partir de su propia sangre, permitiéndole a Bruce recuperarse tres días después del ataque. Mientras tanto en el Asilo Arkham, Rachel acusa al doctor de corrupción y este revela que ha estado vertiendo la sustancia en el suministro de agua de la ciudad. Luego le da una dosis concentrada de esto a la joven, dejándola en peligro de muerte, pero Batman entra en escena, por lo que Crane les dice a los matones que llamen a la policía pensando que los ayudaría a escapar, pero se equivocan ya que Batman los detiene a todos fácilmente. Cuando sólo queda Crane le rocía su propia droga y mientras está bajo los efectos de la droga Batman le pregunta para quién trabaja, a lo que Crane responde que trabaja para Ra\'s Al Ghul, pero Batman le dice que él está muerto y que le diga la verdad, pero finalmente Batman no consigue obtener nada de Crane y lo deja inconsciente. Sin embargo, la policía pronto llega al lugar y rodean el edificio para arrestar al hombre murciélago, pero también capturan al Dr. Crane en el proceso y a sus ayudantes, mientras que Batman por otro lado, ayudado por Gordon, rescata a Rachel y lidera una persecución destructiva a través de Gotham City en el Acróbata para escapar de la policía. Más tarde, le administra el antídoto a Rachel y la deja con dos frascos del mismo, uno para inmunizar a Gordon y el otro para producción en masa. Después del arresto de Crane, el Sargento se entera por medio de unos operadores del lugar de que toda la red de suministro de agua de la ciudad esta contaminada con la sustancia y que habían trabajado durante semanas, en eso Gordon pregunta por qué no sienten los efectos de la droga y los técnicos le revelan de que en mientras este en estado líquido es completamente inofensivo y que para que sea dañino debía ser inhalado en el aire.</p>\r\n\r\n<p>Durante su trigésima fiesta de cumpleaños en la mansión Wayne, Bruce es confrontado por Ducard, quien se revela como el verdadero Ra\'s al Ghul (revelando que el que murió en el incendio era solo un señuelo) junto con un sobreviviente grupo de la Liga de las Sombras y fingiendo ebriedad, Bruce decide ahuyentar a sus invitados para que estén a salvo del peligro inminente. En eso, Ra\'s revela que empleó a Crane y robó un emisor de microondas de Wayne Enterprises y que planea usarlo para vaporizar el suministro de agua contaminado con la droga y así causar histeria y violencia, destruyendo a Gotham City. Los hombres de Ra\'s incendian la mansión Wayne, sin embargo, Alfred rescata a Bruce, poniéndose a salvo en la Baticueva antes de que el fuego envuelva la edificación. Al iniciar el plan de la Liga de la Sombras, Batman llega a la parte de la ciudad conocida como los Estrechos para ayudar, y le dice a Gordon los planes de la Liga de destruir la ciudad llevando el emisor de microondas a la torre Wayne y evaporizar toda el agua de la ciudad para que el veneno cubra la ciudad por completo. Para detener este plan, le entrega las llaves del Acróbata a Gordon para que destruya las vías del tren que lleva dentro el emisor de microondas. Crane (ahora conocido como el Espantapájaros) es puesto en libertad por los miembros de la Liga, liberando además a todos los psicópatas del Asilo Arkham y va tras Rachel (quien ya es inmune gracias al antídoto). Esta vez, la fiscal logra ahuyentarlo con su arma de electrochoque. Batman ve cómo se desata el caos en Gotham City y en medio de una nube de alucinógeno rescata a Rachel junto a un pequeño niño perdido (con quien Batman se había visto anteriormente y le había obsequiado una de sus herramientas), de una muchedumbre de criminales afectada y liderada por Victor Zsasz e indirectamente le revela su identidad dejándole una clave para que Rachel lo deduzca, diciendo: \"No es quien seas en el interior, tus actos son los que te definen\"; Rachel comprende el mensaje y descubre que el enmascarado es en realidad Bruce Wayne. Luego Batman se dispone a perseguir al villano hasta un monorriel con el emisor de microondas, que se dirige el suministro central de agua de la ciudad ubicado en la torre Wayne. Gordon, a pedido del héroe, usa los cañones del Acróbata para destruir una sección del riel y descarrilar el tren. Mientras que Batman por otro lado vence a Ra\'s, negándose a su vez matarlo, pero tampoco a salvarlo esta vez y sale planeando desde el vagón de tren, dejando que este muera con el choque y la explosión del tren.</p>\r\n\r\n<p>Batman se convierte así en un héroe público, pero pierde a Rachel, quien le dice que no estará con él mientras siga siendo el vigilante. Más tarde obtiene una participación mayoritaria en las ahora cotizadas Wayne Enterprises, despidiendo a Earle en el proceso y lo reemplaza por Lucius Fox. Gordon —ahora ascendido a Teniente— le muestra a Batman la Batiseñal y menciona que hay un nuevo criminal que tiene un historial reciente de robo a mano armada, doble homicidio y cierto gusto por la teatralidad como a Batman y que deja sus tarjetas de presentación con cartas de comodín en las escenas de crimen. El enmascarado promete investigarlo y desaparece en la noche, aunque antes de retirarse Gordon le menciona que jamás le agradeció por su ayuda, a lo que Batman inmediatamente le responde diciendo: \"Y nunca deberá hacerlo\".</p> ', 23, 29, 21, 10, 1),
(31, 'El caballero oscuro', 'img/el_caballero_oscuroI_ii.jpg', 2008, 152, 'S', '<p>Cinco años después de los eventos de la primera película, una banda de ladrones disfrazados con máscaras de payasos llevan a cabo un violento robo en uno de los bancos de la mafia de Gotham City, pero los asaltantes desconocen que entre ellos se encuentra la persona que los contrato, el Joker (Heath Ledger), quien les había ordenado traicionarse y asesinarse unos a otros, con la finalidad de repartir entre menos el botín. Finalmente el Joker asesina al último de sus cómplices y escapa en un autobús escolar camuflado en una caravana de autobuses escolares que pasaban por el área curiosamente, antes de que llegue la policía de Gotham City al lugar. Al caer la noche, un grupo de imitadores de Batman intenta interrumpir una reunión de traficantes entre el Dr. Jonathan Crane, mejor conocido como El Espantapájaros (Cillian Murphy) y el líder de la mafia, el \"Checheno\", cuando de pronto el verdadero Batman (Christian Bale) aparece y captura a todos los delincuentes como también a Crane, justo cuando este último intentaba escapar de la escena en una furgoneta. Además de ellos, también captura al grupo de imitadores, a los cuales Batman les advierte que no quiere volverlos a ver nuevamente, ya que según este trabaja solo y no necesita ayuda. Sin embargo en plena confrontación el Checheno y algunos de sus cómplices consiguen escapar de la escena antes de ser capturados por Batman. Posteriormente Bruce sufre lesiones leves que le conducen a diseñar un traje nuevo que le permita mayor movilidad, rapidez y protección contra perros, con la ayuda de Lucius Fox.</p>\r\n\r\n<p>El crimen organizado se ha convertido en el problema más irritante en Gotham City, por lo que Batman y el teniente James Gordon (Gary Oldman) contemplan la posibilidad de incluir al nuevo fiscal de distrito, Harvey Dent (Aaron Eckhart), en su plan para combatir a la mafia, poniendo a Dent como el héroe público que Batman no puede ser, al tiempo que Bruce descubre que Dent es el nuevo novio de Rachel Dawes (Maggie Gyllenhaal). Pese a que Dent está saliendo con Rachel, Bruce Wayne está impresionado con su idealismo y le ofrece lanzar una recaudación de fondos. Mientras, en las Empresas Wayne, Lucius Fox (Morgan Freeman) hace negocios con Lau (Chin Han), un prestigioso empresario chino, pero el enorme éxito de su empresa hace sospechar hasta al mismo Bruce, quien le pide a Fox cancelar el trato de asociación con él, no sin antes revisar los libros contables de su empresa.</p>\r\n\r\n<p>...</p>', 23, 30, 21, 10, 1),
(32, 'El hombre tranquilo', 'img/el_hombre_tranquilo.jpg', 1952, 129, 'N', '<p>Sean Thornton (John Wayne) es un \"hombre tranquilo y pacífico\" que ya con sus treinta y tantos años regresa a la localidad de Innisfree, en su Irlanda natal, de donde saliera con 12 años hacia Estados Unidos. Pronto se dará cuenta de que la vida entre los habitantes de Innisfree no va a ser tan idílica como él espera, ya que el temperamento irlandés y las reglas que rigen en esa sociedad son desconocidos para él.</p>\r\n\r\n<p>Al llegar, decide comprar su casa natal y los terrenos que la rodean, pero choca con los intereses de un estanciero llamado Willy Danaher, un matón corpulento y temido en el pueblo y que anota en una libreta a todo aquel que le vaya en contra.</p>\r\n\r\n<p>Adicionalmente, Sean Thornton se fija en una hermosa pero apasionada mujer campesina llamada Mary Kate, quien resulta ser hermana de Willy Danaher. Pero su relación con Mary Kate Danaher (Maureen O\'Hara), el hermano de ésta, Will Danaher (Victor McLaglen) y el pintoresco Michaleen Flynn (Barry Fitzgerald) será bastante especial.</p>\r\n\r\n<p>Thornton intenta cortejarla y se encuentra con la oposición de Danaher quien lo amenaza, Thornton intenta ser caballeroso y no caer en rencillas pero su actitud es interpretada como cobardía.</p>\r\n\r\n<p>Thornton finalmente conquista a Mary Kate pero su hermano no solo le niega la dote de la novia, contraviniendo la costumbre, sino que le propina un feroz puñetazo que lo tira al suelo en la ceremonia de casamiento. Thornton no responde a la agresión y su flamante señora le pierde el respeto y le abandona. Thornton no ha querido responder pues él antes había matado a un boxeador llamado Jonhy Galleano en un asalto de boxeo y se había prometido nunca más volver a pelear. Finalmente ante los desaires de la mujer a quien ama, Thornton decide coger el toro por los cuernos y busca a su esposa en un tren que está a punto de partir a Dublín, la saca a empellones y la arrastra hasta los predios de Willy Donaher. Donaher acepta el reto de Thornton y se trenzan en una pelea que recorre todo el pueblo donde Thornton lleva cierta ventaja. Finalmente después de haberse dado de todo con lo que tenían terminan siendo amigos y se gana no solo el respeto de su esposa, sino el de todo el pueblo.</p>', 10, 32, 22, 3, 14),
(33, 'The Batman', 'img/the_batman.jpg', 2022, 175, 'N', '<p>En Halloween, el alcalde de Gotham City Don Mitchell Jr. es asesinado por el asesino en serie Riddler (Enigma en España, Acertijo en Hispanoamérica). El multimillonario Bruce Wayne, que lleva dos años operando en Gotham como el justiciero enmascarado Batman, investiga el hecho junto al Departamento de Policía de Gotham City (GCPD). El teniente James Gordon descubre que Riddler dejó un mensaje para Batman, pero el comisario Pete Savage le reprende por permitir que Batman entre en la escena del crimen y le obliga a marcharse. Riddler mata a Savage, dejando otro mensaje para Batman y enviando un vídeo de su muerte a los medios de comunicación de Gotham.</p>\r\n\r\n<p>Batman y Gordon descubren que Riddler dejó un pendrive en el coche de Mitchell; contiene imágenes de Mitchell con una mujer, Annika, en el Iceberg Lounge, un club operado por El Pingüino, lugarteniente del mafioso Carmine Falcone. Batman interroga al Pingüino, que dice no saber nada, pero se da cuenta de que Selina Kyle, compañera de piso de Annika, trabaja allí como camarera. Sigue a Selina hasta la casa de Mitchell, donde descubren el pasaporte de Annika en una caja fuerte. Cuando Annika desaparece, Batman envía a Selina de vuelta al Iceberg Lounge para buscar respuestas. A través de Selina, Batman descubre que el fiscal del distrito de Gotham, Gil Colson, está en la nómina de Falcone, pero Selina cierra la comunicación cuando Batman la presiona sobre su relación con Falcone.</p>\r\n\r\n<p>Riddler secuestra a Colson, le ata una bomba de relojería al cuello y le envía a interrumpir el funeral de Mitchell. Cuando Batman llega al lugar, Riddler le llama a través del teléfono de Colson y le impone un reto de tres acertijos. Batman ayuda a Colson a responder a las dos primeras preguntas, pero Colson se niega a responder a la tercera: el nombre del informante que dio a la policía la información que condujo a una histórica redada de drogas que acabó con la operación del mafioso Sal Maroni, por lo que Riddler lo mata. Batman y Gordon deducen que el informante puede ser El Pingüino y le siguen la pista hasta un negocio de drogas. Descubren que la operación de Maroni nunca llegó a su fin y que muchos agentes del Departamento de Policía de Gotham están implicados. Selina los expone inadvertidamente cuando llega a robar el dinero de la droga. Mientras El Pingüino huye, Selina descubre el cadáver de Annika en el maletero de un coche. Batman captura al Pingüino tras perseguirlo en el Batmobile, pero se entera de que no era el informante.</p>\r\n\r\n<p>Batman y Gordon siguen el rastro de Riddler hasta las ruinas de un orfanato dirigido por los padres de Bruce, Thomas y Martha Wayne. Se enteran de que Riddler residía en el orfanato y guarda rencor a Thomas; como éste está muerto, ha decidido atacar a Bruce. El mayordomo y cuidador de Bruce, Alfred Pennyworth, es hospitalizado tras abrir una carta bomba dirigida a Bruce. Riddler entonces filtra pruebas que alegan que Thomas, que se postulaba a alcalde cuando fue asesinado, contrató a Falcone para matar a un periodista por amenazar con revelar detalles oscuros sobre el historial de enfermedades mentales de Martha. Bruce, que creció creyendo que su padre era moralmente íntegro, se enfrenta a Alfred. Alfred confirma que Thomas le pidió a Falcone que intimidara al periodista, pero decidió entregar a Falcone a la policía después de enterarse del asesinato; también le dice que supone que Falcone mandó matar a Thomas y a Martha para evitarlo.</p>\r\n\r\n<p>Selina le dice a Batman que Falcone es su padre y que la abandonó. Se entera también de que Falcone estranguló a Annika después de que Mitchell le revelara a ella que era el informante, por lo que Selina decide matarlo. Batman y Gordon llegan al Iceberg Lounge a tiempo para detenerla y arrestar a Falcone, pero Riddler lo elimina de un disparo desde un edificio cercano. Desenmascarado como el contable forense Edward Nashton, Riddler es encarcelado en el Hospital Estatal de Arkham. En Arkham, Nashton dice que estaba envidioso de la simpatía que Bruce recibió tras el asesinato de sus padres mientras él, también huérfano, era ignorado, por lo que planeaba asociarse con Batman y convertirse en un vigilante enmascarado similar. Batman rechaza airadamente a Nashton y descubre que ha colocado coches bomba por toda Gotham. Las bombas destruyen el embalse de Gotham e inundan la ciudad. En el caos subsiguiente, Batman y Selina impiden que un grupo de extremistas inspirados por Riddler asesine a la alcaldesa electa Bella Reál. Batman lucha contra los seguidores de Riddler sobre las vigas y los derrota, pero casi es asesinado por un último miembro que está a punto de ejecutar a Batman. Selina llega y rescata a Batman antes de besarlo, agradeciéndole por evitar que ella asesine a Falcone. Sin embargo, el miembro llega y casi mata a Selina con un cuchillo. Enfurecido, Batman se inyecta adrenalina y se despierta, golpeando salvajemente al miembro hasta que Gordon y Selina lo detienen. Al desenmascarar a este último miembro del culto, Batman lo reconoce como un hombre descontento que vio en el funeral del alcalde. Al preguntarle quién es, el hombre responde con picardía: \"Soy la venganza\".</p>\r\n\r\n<p>Horrorizado por esto, Batman ve una línea eléctrica que desciende hacia las calles inundadas donde está atrapado el mitin. Batman salta sobre él y corta el cable con su emblema de murciélago desmontable, electrocutándose pero salvando a la gente. Después de volver en sí, Batman enciende una bengala y lleva a los sobrevivientes a un lugar seguro. Mientras Batman comienza a ayudar en los esfuerzos de recuperación, Selina considera que la ciudad no puede ser salvada y se marcha de ella, mientras pasea con Batman en su motocicleta por un cementerio. Cuando se separan, Selina a la izquierda y Batman a la derecha, Batman mira hacia adelante satisfecho y esperanzado, lo que implica que algún día Selina puede regresar. Por otro lado, Nashton se hace amigo en Arkham de un misterioso recluso, quien le ofrece consuelo al ver que sus planes de destruir Gotham fallaron. Finalmente, Batman ayuda en los esfuerzos de recuperación de los ciudadanos, prometiendo inspirar esperanza en la corrupta ciudad de Gotham.</p> ', 24, 33, 23, 10, 1),
(34, 'Avatar', 'img/avatar.jpg', 2009, 162, 'S', '<p>La película se sitúa en el año 2154, donde conocemos a un joven llamado Jake Sully, un marine veterano de guerra y herido en combate que ha quedado parapléjico, es seleccionado para participar en el Programa Avatar ocupando el puesto de científico que ocupaba su hermano gemelo recién fallecido e incinerado delante sus propios ojos. De esta forma, Jake es trasladado hasta Pandora, una luna cercana al planeta Polifemo cuya atmósfera es tóxica y letal para los humanos (debido a su alta concentración de ácido sulfhídrico) y que además de albergar una asombrosa biodiversidad, está habitada por los na’vi, una raza o especie humanoide de piel azul, con algunos rasgos felinos y huesos reforzados de forma natural con fibra de carbono.34​ Los humanos se encuentran en conflicto con los nativos del clan Omaticaya, debido a que están asentados alrededor de un gigantesco árbol, conocido por ellos como Árbol Madre, que cubre una inmensa veta de un mineral muy cotizado: el unobtainium. La existencia de dicho mineral ha llevado a una empresa privada a crear un proyecto de explotación de recursos minerales, dirigido por Parker Selfridge en lo civil y por el coronel Miles Quaritch en lo militar.</p>\r\n\r\n<p>Las mentes de Jake y de unos científicos liderados por la doctora Grace Augustine, cuyos únicos intereses están en la cultura de los Omaticaya y en el estudio de la luna, son trasladadas a los cuerpos artificiales de unos na’vi creados genéticamente (avatares) mientras ellos permanecen inconscientes en cabinas de enlace. De esta forma, la comunicación con los nativos resultaría más sencilla y así podrían convencerlos pacíficamente de que abandonen el Árbol Madre. Por su parte, el coronel Quaritch convence a Jake para que le proporcione información sobre los nativos en caso de que fuera necesario recurrir a la fuerza para que se marchen, y él como recompensa le promete que podrá recuperar el uso de sus piernas inválidas.</p>\r\n\r\n<p>Jake, Grace y el doctor Norm Spellman son llevados a la selva de Pandora por la piloto Trudy Chacón. Mientras los doctores examinan la vegetación, Jake es perseguido por una bestia y, como resultado, cae a un río y se pierde. Mientras intenta orientarse y buscar la forma de volver a la base, este último es espiando de cerca entre la vegetación por Neytiri, la princesa del clan Omaticaya, la cual considera a Jake como un intruso y una amenaza a su clan, donde rápidamente la na’vi intenta dispararle con su arco y matarlo de una vez por todas, sin embargo en el último segundo, una semilla del Árbol de las Almas, un árbol sumamente sagrado para los na’vi, se posa en la punta de su flecha, lo que a su vez Neytiri interpreta como una señal de los espíritus y decide dejarlo vivir por el momento y seguirlo de cerca. Al caer la noche, Jake es atacado por una manada de animales silvestres de Pandora, pero antes de que estos puedan acabar con el joven marine, Neytiri se aparece sorpresivamente y lo rescata de estas criaturas, posteriormente la na’vi está intentado decidir qué hacer con Jake, pero en ese instante decenas de semillas del Árbol de las Almas se posan en él, lo que a su vez Neytiri decide llevarlo con los suyos. Los Omaticaya, liderados por Eytukan, el padre de Neytiri, no se fían de Jake, ya que han tenido malas experiencias en otras ocasiones con la «gente del cielo» que quería aprender de ellos, pero Mo’at, la líder espiritual y madre de Neytiri, nota algo especial en el marine y acepta que se quede para aprender a ser un na’vi bajo la enseñanza de su hija para disgusto de ella.</p>\r\n\r\n<p>Mientras aprende a ser un na’vi, Jake informa periódicamente a Quaritch sobre cómo destruir el Árbol Madre. Pasan las semanas, y Jake aprende a cazar, correr y saltar entre los árboles como uno más del clan (algo que había olvidado sentir después del incidente de sus piernas de su cuerpo original), incluso es capaz de domar a un Ikran, una criatura alada que cada miembro del clan debe domesticar durante su aprendizaje. Jake pasa cada vez más tiempo con los na’vi, maravillándose por su cultura y sus capacidades y además al pasar tanto tiempo juntos, él y Neytiri se enamoran. Como resultado, se involucra emocionalmente y empieza a olvidar su misión e incluso su vida como humano y deja de informar a Quaritch. Por otro lado, Grace también es aceptada por los Omaticaya con la ayuda de Jake. Cuando solo falta un día para la ceremonia en la que Jake se convertirá definitivamente en parte del clan, Quaritch le comunica que su misión ha acabado y que puede regresar a la Tierra para que lo curen de su discapacidad. Sin embargo, él le pide que lo deje estar en la ceremonia, diciéndole que si se convierte en uno de ellos podrá convencer a los Omaticaya de que se vayan pacíficamente. Tras la ceremonia, Neytiri lleva a Jake al Árbol de las Voces, donde le muestra la conexión que pueden tener con Eywa, su deidad. En ese lugar, Jake y Neytiri se sinceran sobre sus sentimientos y se unen como pareja.</p>\r\n\r\n<p>A la mañana siguiente, los humanos comienzan a talar el bosque, destruyendo el Árbol de las Voces. Jake trata de impedirlo, pero al hacerlo lo identifican y Quaritch, furioso por lo que hizo desconecta a Jake y a Grace de sus cabinas y les dice que destruirá el Árbol Madre en una hora, esté el clan o no. De vuelta a su avatar, Jake les cuenta a todos los miembros del clan la verdad e intenta convencerlos de que se vayan. Los Omaticaya, sintiéndose traicionados, deciden quedarse y resistir el ataque de los humanos, y atan a Jake y Grace. Ni siquiera Neytiri perdona a Jake. Como la hora se ha cumplido, Quaritch y sus hombres comienzan a derribar el Árbol Madre. En medio del desastre, Mo\'at libera a Jake y Grace para que puedan ayudarlos a escapar. Ambos hacen lo que pueden para proteger al clan, pero muchos na’vi resultan heridos y Eytukan muere. Tras destruir el Árbol Madre, Quaritch vuelve a desconectar a Jake y Grace, encarcelándolos esta vez junto al doctor Norm, que intentó ayudarlos. Los Omaticaya se marchan de su destruido hogar, llevándose el avatar inconsciente de Grace, pero abandonando allí el de Jake.</p>\r\n\r\n<p>La piloto Trudy Chacón consigue liberar a Jake, Grace y Norm y los lleva hasta otra unidad de cabinas de enlace para que vuelvan a sus avatares y ayuden a los Na’vi. Durante la huida, el coronel los descubre y los intenta detener disparando con su rifle pero por fortuna logran escapar de la base, sin embargo en el trayecto descubren que Grace esta herida en el costado por los disparos de Quaritch. Una vez a salvo, Jake reflexiona sobre qué hacer para que los Omaticaya vuelvan a confiar en él y se propone montar a la bestia alada que conocen como Toruk. Según una historia que le contó Neytiri, esta es la criatura más peligrosa de Pandora y quien pueda domarla sería reconocido como Toruk-Macto, un líder de todos los diferentes clanes (incluyendo los Omaticaya) y traería la paz a los Na’vi. Tras lograr su objetivo, Jake se dirige al Árbol de las Almas, y los Omaticaya, al verlo cabalgar a lomo del Toruk, lo perdonan y respetan de nuevo. Neytiri se reconcilia con Jake, diciéndole \"Te veo\", la máxima expresión de afecto y respeto entre los Na’vi. Incluso Tsu\'tey, el nuevo líder del clan Omaticaya, con quien Jake tenía hasta ese momento una fuerte rivalidad, lo acepta como uno más del clan y deja de lado sus diferencias con el. Entonces Jake les pide su ayuda para curar a Grace, quien esta herida mortalmente en el costado por los disparos que recibió previamente. Entonces inician un ritual para trasladar la mente de la moribunda Grace humana a su avatar, completamente sano. No obstante no creen poder hacer mucho para ayudarla, ya que está muy débil, entonces los Omaticaya inician el ritual para traspasar la conciencia de Grace que al principio parecía que lo lograban, pero la doctora no pudo resistir más tiempo y muere, aunque le aclaran que su mente ha pasado a formar parte de la naturaleza de Pandora. Muy enfurecido por lo que hizo Quaritch, Jake exhorta a los Omaticaya a que lo acompañen para reunir a los otros clanes Na’vi y atacar al ejército de los humanos. Quaritch, al enterarse de lo que planean los Na’vi, decide contraatacar y destruir el Árbol de las Almas. Poco antes del enfrentamiento, Jake le ruega a Eywa que los ayude en esta guerra, pero Neytiri le dice que La Gran Madre nunca toma partido en una guerra y solo mantiene el equilibrio de la vida.</p>\r\n\r\n<p>Los Na’vi, ayudados por Norm en su avatar y Trudy en su helicóptero, tratan de combatir a los militares humanos, pero a pesar de la superioridad numérica, no pueden hacer casi nada contra su armamento. Trudy, Tsu\'tey y el avatar de Norm (que resultó herido), al igual que cientos de Na’vi, mueren durante la batalla. Sin embargo, cuando todo parece perdido, Eywa, quien milagrosamente había escuchado las plegarias de Jake, envía a todas las criaturas de Pandora a atacar a los humanos, mientras Jake consigue destruir las dos naves principales. Los Na’vi logran la victoria, pero el coronel Quaritch, lejos de rendirse y aceptar la derrota se infiltra en el bosque, protegido por una colosal armadura (el AMP Suit), llega hasta el lugar donde se encuentra el Jake humano con la intención de matarlo. Pero antes de que pueda dispararle con su arma, Neytiri se aparece sorpresivamente en el lomo de un Thanator y empieza a atacarlo, pero Quaritch consigue matar a la bestia dejando a Neytiri atrapada bajo su cadáver. Poco después Jake llega a la escena y le argumenta al coronel que la guerra se acabó, sin embargo el coronel no está dispuesto a aceptar la derrota, entonces Jake y Quaritch comienzan a luchar a muerte. En la lucha Jake rompe el parabrisas de la armadura dejando el torso de Quaritch al descubierto, pero el coronel rompe el cristal del remolque en el que se encontraba el cuerpo humano de Jake, averiando la cabina de enlace y provocando que el aire de ácido sulfhídrico empiece a entrar al interior del remolque. Inmediatamente el Jake humano se despierta y empieza a ahogarse, pero trata de mantenerse enlazado al Jake Na\'vi, que queda inconsciente varias veces, hasta que Quaritch lo atrapa y trata de asesinarlo, sin embargo Neytiri consigue liberarse del cadáver del Thanator y le dispara con su arco al coronel dos flechas en el pecho, antes de que pudiese matar al Jake Na\'vi y acaba matándolo en el acto. Tras esto, ella intenta socorrer al inconsciente Jake Na’vi, pero pronto se da cuenta de que el verdadero Jake humano se está muriendo ahogado en la cabina, el cual trataba de alcanzar desesperadamente una de las máscara antigás de emergencia, pero no consigue alcanzarla a tiempo y cae inconsciente en el suelo. Justo en ese momento, Neytiri entra al interior de la cabina, esta observa a Jake tirado en el suelo el cual parecía haber muerto, sin embargo en plena desesperación, Neytiri le coloca en su rostro la máscara antigás en espera que reaccione y afortunadamente Jake consigue recuperar el conocimiento y activa la máscara antes de ahogarse. Posteriormente, Neytiri ve felizmente a Jake tal y como es realmente, por primera vez y le expresa su conocido \"Te veo\"\'.</p>\r\n\r\n<p>Finalmente cuando la guerra concluye, Parker Selfridge y el personal militar son desterrados de Pandora, mientras que a Jake (como nuevo líder), Norm y los científicos que estudian la vida en Pandora se les permite quedarse. La película finaliza cuando la mente de Jake es traspasada, mediante el mismo ritual que intentaron con Grace, a su avatar Na\'vi de forma permanente por el Árbol de las Almas.</p>', 25, 34, 24, 2, 7),
(35, 'Spiderman 2 (2004)', 'img/spider_man_2.jpg', 2004, 127, 'S', '<p>Han pasado dos años desde que el tranquilo Peter Parker dejó a Mary Jane Watson, su gran amor, y decidió seguir asumiendo sus responsabilidades como Spider-Man. Peter debe afrontar nuevos desafíos mientras lucha contra el don y la maldición de sus poderes equilibrando sus dos identidades: el escurridizo superhéroe Spider-Man y el estudiante universitario. Las relaciones con las personas que más aprecia están ahora en peligro de ser descubiertas con la aparición del poderoso villano de múltiples tentáculos Doctor Octopus, \"Doc Ock\".</p>', 26, 35, 25, 10, 5),
(36, 'Spiderman (2002)', 'img/spider_man.jpg', 2002, 121, 'N', '<p>Tras la muerte de sus padres, Peter Parker, un tímido estudiante, vive con su tía May y su tío Ben. Precisamente debido a su retraimiento no es un chico muy popular en el instituto. Un día le muerde una araña que ha sido modificada genéticamente; a la mañana siguiente, descubre estupefacto que posee la fuerza y la agilidad de ese insecto. Las aventuras del hombre araña se basan en el famoso cómic de Stan Lee y Steve Ditko.</p>', 26, 35, 25, 10, 5),
(37, 'Spiderman 3 (2007)', 'img/spider_man_3.jpg', 2007, 140, 'N', '<p>Tercera entrega de las aventuras del joven Peter Parker (Maguire). Parece que Parker ha conseguido por fin el equilibrio entre su devoción por Mary Jane y sus deberes como superhéroe. Pero, de repente, su traje se vuelve negro y adquiere nuevos poderes; también él se transforma, mostrando el lado más oscuro y vengativo de su personalidad. Bajo la influencia del nuevo traje, Peter se convierte en un ser egoísta que sólo se preocupa por sí mismo. Tiene, pues, que afrontar un dilema: disfrutar de sus nuevos poderes o seguir siendo un héroe compasivo. Mientras tanto, sobre él se cierne la amenaza de dos temibles enemigos: Venom y el Hombre de Arena.</p>', 26, 35, 25, 10, 5),
(38, 'Centurión', 'img/centurion.jpg', 2010, 97, 'N', '<p>Bretaña, año 117 de nuestra era. Tras un ataque de la guerrilla local que ha diezmado la legión, un grupo de soldados romanos lucha por salvar la vida. Pertenecen a la IX legión, la más legendaria por su valor. La misión de los supervivientes, liderados por Quintus Dias (Michael Fassbender), es resistir hasta llegar a la frontera, antes de que las hordas de la feroz y vengativa Etain (Olga Kurylenko) acabe con todos ellos.</p>', 8, 36, 26, 2, 1);
INSERT INTO `peliculas` (`pk_id_pelicula`, `titulo`, `cartel_pelicula`, `anio`, `duracion`, `oscar_pelicula`, `resumen`, `fk_id_actor`, `fk_id_actriz`, `fk_id_director`, `fk_id_genero`, `fk_id_produccion`) VALUES
(39, 'El guerrero nº 13', 'img/the_13th_warrior.jpg', 1999, 103, 'N', '<p>Siglo X. Ahmed, un noble árabe (Banderas), es expulsado de sus tierras por cortejar a una mujer. Acompañado de su mentor (Sharif) emprende un viaje al Norte, donde entrará en contacto con un grupo de guerreros vikingos que tienen que enfrentarse con una horda de salvajes que atacan sus poblados y devoran a sus gentes. La profecía de una bruja, que anuncia el triunfo de los vikingos gracias a la intervención de un extranjero, anima a Ahmed a ayudarles en la lucha.</p>', 6, 37, 27, 2, 15),
(40, 'El Premio', 'img/the_prize.jpg', 1963, 136, 'N', '<p>Durante la Guerra Fría, un escritor norteamericano, mujeriego y aficionado a la bebida, llega a Estocolmo para recibir el Premio Nobel de Literatura. Una vez allí, descubre, por casualidad, un complot bolchevique para secuestrar a un eminente científico también galardonado con el Nobel.</p>', 27, 38, 28, 3, 16),
(41, 'El club de los poetas muertos', 'img/dead_poets_society.jpg', 1989, 124, 'S', '<p>En un elitista y estricto colegio privado de Nueva Inglaterra, un grupo de alumnos descubrirá la poesía, el significado del \"carpe diem\" -aprovechar el momento- y la importancia vital de luchar por alcanzar los sueños, gracias al Sr. Keating, un excéntrico profesor que despierta sus mentes por medio de métodos poco convencionales</p>', 28, 23, 29, 5, 15),
(42, 'El indomable Will Hunting', 'img/good_will_hunting.jpg', 1997, 126, 'S', '<p>Will es un joven rebelde con una inteligencia asombrosa, especialmente para las matemáticas. El descubrimiento de su talento por parte de los profesores le planteará un dilema: seguir con su vida de siempre -un trabajo fácil, buenos amigos con los que tomar unas cervezas- o aprovechar sus grandes cualidades intelectuales en alguna universidad. Sólo los consejos de un solitario y bohemio profesor le ayudarán a decidirse.</p>', 18, 39, 30, 5, 17),
(43, 'Willow', 'img/wilow-original-sin-borde.jpg', 1988, 120, 'N', '<p>Cuento medieval con brujas, enanos y poderes mágicos. En las mazmorras del castillo de la hechicera y malvada reina Bavmorda, una prisionera da a luz a una niña que, según una antigua profecía, pondrá fin al reinado de la hechicera. La comadrona intenta salvar a la niña de la ira de Bavmorda, pero, alcanzada por los perros de presa del castillo, no tiene más remedio que arrojar la cuna al río. Gracias a la corriente, la cuna llega a un pueblo de enanos, donde la niña es adoptada por el valiente Willow.</p>', 29, 40, 31, 4, 11),
(44, 'Star Wars (IV)', 'img/star_wars.jpg', 1977, 121, 'S', '<p>La princesa Leia, líder del movimiento rebelde que desea reinstaurar la República en la galaxia en los tiempos ominosos del Imperio, es capturada por las Fuerzas Imperiales, capitaneadas por el implacable Darth Vader, el sirviente más fiel del Emperador. El intrépido y joven Luke Skywalker, ayudado por Han Solo, capitán de la nave espacial \"El Halcón Milenario\", y los androides, R2D2 y C3PO, serán los encargados de luchar contra el enemigo e intentar rescatar a la princesa para volver a instaurar la justicia en el seno de la galaxia.</p>', 2, 41, 32, 6, 7),
(45, 'Conan el bárbaro', 'img/conan_the_barbarian.png', 1982, 129, 'N', '<p>Un niño que pertenece a una tribu primitiva graba en su memoria los rostros de los guerreros que han exterminado a su familia y a él lo han vendido a unos mercaderes de esclavos. Años después, el joven se ha convertido en un forzudo y valiente guerrero.</p>', 30, 42, 33, 4, 9),
(46, 'Tarzán', 'img/tarzan-la-leyenda.jpg', 2016, 109, 'N', '<p>Ya hace años que Tarzán (Alexander Skarsgård) abandonó la jungla africana para llevar una vida aburguesada como John Clayton III, Lord Greystoke, junto a su esposa Jane (Margot Robbie). Pero un día le ofrecen el cargo de embajador en el Congo. En realidad, todo forma parte de un plan ideado por un capitán belga (Christoph Waltz), aunque los responsables de llevarlo a cabo no están preparados para ello.</p>', 31, 43, 34, 1, 1),
(47, 'El caballero oscuro: La leyenda renace', 'img/the_dark_knight_rises.jpg', 2012, 164, 'N', '<p>Hace ocho años que Batman desapareció, dejando de ser un héroe para convertirse en un fugitivo. Al asumir la culpa por la muerte del fiscal del distrito Harvey Dent, el Caballero Oscuro decidió sacrificarlo todo por lo que consideraba, al igual que el Comisario Gordon, un bien mayor. La mentira funciona durante un tiempo, ya que la actividad criminal de la ciudad de Gotham se ve aplacada gracias a la dura Ley Dent. Pero todo cambia con la llegada de una astuta gata ladrona que pretende llevar a cabo un misterioso plan. Sin embargo, mucho más peligrosa es la aparición en escena de Bane, un terrorista enmascarado cuyos despiadados planes obligan a Bruce a regresar de su voluntario exilio.</p>', 23, 1, 21, 10, 1),
(48, 'Superman (1978)', 'img/superman_the_movie.jpg', 1978, 143, 'S', '<p>Desde una galaxia remota, un recién nacido es enviado por sus padres al espacio debido a la inminente destrucción del planeta donde viven. La nave aterriza en la Tierra, y el niño es adoptado por unos granjeros que le inculcan los mejores valores humanos. Con los años, el joven se irá a Metrópolis y allí usará sus poderes sobrenaturales para luchar contra el mal.</p>', 32, 45, 35, 10, 18),
(49, 'Los Goonies', 'img/the_goonies_modificado.jpg', 1985, 111, 'N', '<p>Mikey es un niño de trece años que junto con su hermano mayor y sus amigos forman un grupo que se hacen llamar \"los Goonies\". Un día deciden subir al desván de su casa, donde su padre guarda antigüedades. Allí encuentran el mapa de un tesoro perdido que data del siglo XVII, de la época de los piratas, y deciden salir a buscarlo repletos de espíritu aventurero.</p>', 33, 46, 35, 1, 1),
(50, 'Rocky IV', 'img/rocky_iv.png', 1985, 90, 'N', '<p>Nuevas aventuras tanto personales como deportivas del boxeador Rocky Balboa, que en esta ocasión debe enfrentarse a un duro y frío boxeador soviético, llamado Ivan Drago.</p>', 34, 47, 36, 5, 19),
(51, 'El Llanero Solitario', 'img/the_lone_ranger.jpg', 2013, 149, 'N', '<p>Adaptación de las aventuras del héroe del serial radiofónico del mismo título. Un grupo de Rangers de Texas sufre el ataque de una banda de forajidos. Un indio llamado Toro encuentra al único superviviente, \"el llanero solitario\". Desde entonces, el héroe, su caballo Silver y su nuevo ayudante, Toro, recorren el estado para vengarse de los forajidos y hacer triunfar la justicia.</p>', 35, 48, 37, 9, 2),
(52, 'Bailando con lobos', 'img/bailando-con-lobos.png', 1990, 180, 'S', '<p>Tras la Guerra de Secesión (1861-1865) y en plena colonización del Oeste (1785-1890), el desencantado teniente John J. Dunbar se dirige a un lejano puesto fronterizo que ha sido abandonado por los soldados. Su soledad lo impulsa a entrar en contacto con los indios sioux; así es como conoce a \"En pie con el puño en alto\", una mujer blanca que fue adoptada por la tribu cuando era niña. Poco a poco, entre Dunbar y los sioux se establece una relación de respeto y admiración mutua.</p>', 36, 49, 38, 9, 20),
(53, 'El señor de las bestias', 'img/the_beastmaster_modificado.jpg', 1982, 118, 'N', '<p>Tras su nacimiento, el nuevo hijo nonato del rey, Dar, es secuestrado por un sacerdote de la orden de Jun y abandonado a su suerte. El bebé es encontrado por una familia de campesinos que lo adoptan sin saber quién es realmente. Cuando el joven Dar está cerca de llegar a su edad adulta, contempla como toda su familia es asesinada por hordas de salvajes, y descubre en ese momento que tiene la facultad de comunicarse con cualquier clase de animal. Dar inciará entonces el camino de su venganza para dar con los asesinos de su familia.</p>', 37, 50, 39, 4, 11),
(54, 'El rey Arturo (2004)', 'img/king_arthur.jpg', 2004, 140, 'N', '<p>Arturo (Clive Owen) está deseando abandonar Bretaña para regresar a la paz y estabilidad de Roma. Pero antes, una última misión le hace comprender tanto a él como a los caballeros de la Mesa Redonda (Lancelot, Galahad, Bors,Tristán y Gawain) que, tras la caída de Roma (476 d.C.), lo que Bretaña necesita es un rey que la defienda de la amenaza de la invasión sajona y los guíe hacia un tiempo nuevo. Guiado por Merlín y por la valiente y hermosa Ginebra (Keira Knightley), Arturo tendrá que encontrar en sí mismo la fuerza necesaria para cambiar el curso de la historia.</p>', 38, 51, 40, 4, 15),
(55, 'Thor (I)', 'img/thor1.jpg', 2011, 110, 'N', '<p>Thor es un arrogante y codicioso guerrero cuya imprudencia desata una antigua guerra. Por ese motivo, su padre Odín lo castiga desterrándolo a la Tierra para que viva entre los hombres y descubra así el verdadero sentido de la humildad. Cuando el villano más peligroso de su mundo envía a la Tierra a las fuerzas más oscuras de Asgard, Thor se dará cuenta de lo que realmente hace falta para ser un verdadero héroe.</p>', 40, 52, 42, 10, 2),
(56, 'El rey Arturo (2017)', 'img/rey-arturo2.jpg', 2017, 120, 'N', '<p>Arturo es un joven intrépido que dirige a su pandilla por los callejones de Londonium. Tras sacar la espada de Excalibur, se verá obligado a tomar algunas duras decisiones. Junto a una misteriosa mujer llamada Guinevere, deberá aprender a manejar la espada, vencer a sus demonios y unir al pueblo para derrotar al tirano Vortigern, quien robó su corona y asesinó a sus padres antes de convertirse en rey.</p>', 39, 53, 43, 4, 1),
(57, 'Pacific Rim', 'img/pacific_rim.jpg', 2013, 131, 'N', '<p>Cuando legiones de monstruosas criaturas, denominadas Kaiju, comienzan a salir del mar, se inicia una guerra que acabará con millones de vidas y que consumirá los recursos de la humanidad durante interminables años. Para combatir a los Kaiju gigantes diseñan un tipo especial de arma: enormes robots, llamados Jaegers, que son controlados simultáneamente por dos pilotos cuyas mentes están bloqueadas en un puente neural. Pero incluso los Jaegers proporcionan poca defensa ante los incansables Kaiju. A punto de la derrota, las fuerzas que defienden a la humanidad no tienen otra elección que recurrir a dos insólitos héroes: un ex piloto acabado (Charlie Hunnam) y un aprendiz que todavía no se ha puesto a prueba (Rinko Kikuchi). Ambos se unen para traer a un legendario pero al parecer obsoleto Jaeger del pasado. Juntos, son la última esperanza de la humanidad frente al Apocalipsis que se avecina.</p>', 39, 54, 41, 6, 1),
(58, 'Los inmortales', 'img/highlander.jpg', 1986, 110, 'N', '<p>Los Inmortales son seres de una raza especial que sólo pueden morir decapitados entre sí. Viven desde hace siglos entre los hombres, pero ocultando su identidad. Unos defienden el Bien, otros, el Mal. Una maldición los obliga a luchar entre sí hasta que sólo quede uno de ellos. El escocés Connor MacLeod (Christopher Lambert) es uno de los supervivientes del clan de los Inmortales que ha llegado hasta nuestros días.</p>', 41, 55, 44, 4, 21),
(59, 'Los demonios de la noche', 'img/los-demonios-de-la-noche1.jpg', 1996, 110, 'N', '<p>Hacia finales de 1890, la llegada del ingeniero John Patterson (Val Kilmer) a tierras africanas acelera la construcción del ferrocaril. Además, los trabajadores africanos le consideran un héroe, desde que Patterson cazara a un león de un solo disparo, algo que sólo es capaz de hacer el legendario cazador Charles Remington (Michael Douglas). Cuando parece que las obras van viento en popa, se presentan Fantasma y Oscuridad, dos leones devoradores de hombres. Entonces Patterson y Remington deberán unirse para poder acabar con ellos.</p>', 42, 23, 45, 1, 3),
(60, 'Waterworld', 'img/waterworld1.jpg', 1995, 135, 'N', '<p>Los casquetes polares se han derretido y toda la Tierra está cubierta de agua marina. Los hombres sobreviven en plataformas flotantes y su principal ocupación es la búsqueda de agua dulce, el bien más preciado. Entre ellos circula una leyenda según la cual en algún lugar existe tierra firme. Un viajero errante y solitario que vive del trueque, llega un día a un atolón de chatarra y vende tierra a sus moradores, pero cuando éstos descubren que es un híbrido, mitad pez y mitad humano, lo condenan a muerte.</p>', 36, 56, 46, 6, 9),
(61, 'Dune (parte I)', 'img/dune-original.jpg', 2021, 155, 'S', '<p>En el Año 10191 el desértico planeta Arrakis, feudo de la familia Harkonnen desde hace generaciones, queda en manos de la Casa de los Atreides por orden del emperador. Con ello les cede la explotación de las reservas de especia, la materia prima más valiosa de la galaxia, necesaria para los viajes interestelares y también una droga capaz de amplificar la conciencia y extender la vida. El duque Leto (Oscar Isaac), la dama Jessica (Rebecca Ferguson) y el hijo de ambos, Paul Atreides (Timothée Chalamet), llegan a Arrakis con la esperanza de mantener el buen nombre de su casa y ser fieles al emperador, pero pronto se verán envueltos en una trama de traiciones y engaños que les llevará a cuestionar su confianza entre sus más allegados y a valorar a los lugareños, los Fremen, una estirpe de habitantes del desierto con una estrecha relación con la especia.</p>', 43, 57, 47, 6, 1),
(62, 'Dune (parte II)', 'img/dune-parte-dos-original.jpg', 2023, 0, 'N', '<p>Paul Atreides se une a la tribu de los Fremen y comienza un viaje espiritual y marcial para convertirse en mesías, mientras intenta evitar el horrible pero inevitable futuro que ha presenciado: una Guerra Santa en su nombre, que se extiende por todo el universo conocido. Continuación directa de la película estrenada en 2021.</p>', 43, 58, 47, 6, 1),
(63, 'La Momia (1999)', 'img/the_mummy1.jpg', 1999, 125, 'N', '<p>Durante una batalla en Egipto, el legionario Rick O\'Connell y un compañero descubren las ruinas de Hamunaptra, la ciudad de los muertos. Algún tiempo después vuelven al mismo lugar con una egiptóloga y su hermano. Allí coinciden con un grupo de estadounidenses, deseosos de correr aventuras, que acabarán provocando la resurrección de la momia de un diabólico sacerdote egipcio que intenta desesperadamente recuperar a su amada.</p>', 44, 59, 48, 1, 9),
(64, 'Star Wars (V)', 'img/star_wars_episode_v_the_empire_strikes_back.jpg', 1980, 124, 'S', '<p>Tras un ataque sorpresa de las tropas imperiales a las bases camufladas de la alianza rebelde, Luke Skywalker, en compañía de R2D2, parte hacia el planeta Dagobah en busca de Yoda, el último maestro Jedi, para que le enseñe los secretos de la Fuerza. Mientras, Han Solo, la princesa Leia, Chewbacca, y C3PO esquivan a las fuerzas imperiales y piden refugio al antiguo propietario del Halcón Milenario, Lando Calrissian, en la ciudad minera de Bespin, donde les prepara una trampa urdida por Darth Vader.</p>', 2, 41, 49, 6, 7),
(65, 'Star Wars (VI)', 'img/star_wars_episode_vi_return_of_the_jedi.png', 1983, 133, 'S', '<p>Para ir a Tatooine y liberar a Han Solo, Luke Skywalker y la princesa Leia deben infiltrarse en la peligrosa guarida de Jabba the Hutt, el gángster más temido de la galaxia. Una vez reunidos, el equipo recluta a tribus de Ewoks para combatir a las fuerzas imperiales en los bosques de la luna de Endor. Mientras tanto, el Emperador y Darth Vader conspiran para atraer a Luke al lado oscuro, pero el joven está decidido a reavivar el espíritu del Jedi en su padre. La guerra civil galáctica termina con un último enfrentamiento entre las fuerzas rebeldes unificadas y una segunda Estrella de la Muerte, indefensa e incompleta, en una batalla que decidirá el destino de la galaxia.</p>', 2, 41, 50, 6, 7),
(66, 'El quinto elemento', 'img/the_fifth_element_le_cinquieme_element.jpg', 1997, 127, 'N', '<p>Cada 5.000 años se abre una puerta entre dos dimensiones. En una dimensión existe el Universo y la vida. En la otra dimensión existe un elemento que no está hecho ni de tierra, ni de fuego, ni de aire, ni de agua, sino que es una anti-energía, la anti-vida: es el quinto elemento.</p>', 45, 60, 51, 6, 5),
(67, 'El rey escorpión', 'img/the_scorpion_king.jpg', 2002, 89, 'N', '<p>Hace 5.000 años, en la célebre ciudad de Gomorrah, un malvado gobernador decide acabar con todas las tribus nómadas del desierto. Las pocas tribus que sobreviven, aunque siempre han sido enemigas, no tienen más remedio que unirse, si no quieren morir. Sabiendo que su enemigo se sirve de las predicciones de un brujo, contratan a Mathayus, un famoso asesino, para que liquide al adivino. Tras infiltrarse en el campamento enemigo, Mathayus descubre que el brujo es una bella mujer. En lugar de asesinarla, la lleva al desierto, convencido de que el gobernador hará cualquier cosa por rescatarla.</p>', 46, 61, 52, 1, 9),
(68, 'La máscara', 'img/the_mask.jpg', 1994, 101, 'N', '<p>Stanley Ipkiss es un empleado de banca extremadamente amable, pero es un pusilánime cuando tiene que enfrentarse a alguien. Tras uno de los peores días de su vida, Stanley encuentra una máscara que representa a Loki, un dios de la malicia y la travesura. Cuando se coloca la máscara se convierte en una persona completamente diferente.</p>', 47, 62, 52, 3, 13),
(69, 'Alien (Covenant)', 'img/alien_covenant.jpg', 2017, 123, 'N', '<p>Durante un viaje en el espacio rumbo a un remoto planeta al otro lado de la galaxia para colonizarlo, la tripulación de la nave \'Covenant\' descubre una señal proveniente de lo que creen puede ser un paraíso inexplorado, y que resulta ser un mundo oscuro y hostil... Secuela de \"Prometheus\" (2012).</p>', 8, 63, 8, 6, 7),
(70, 'George de la jungla', 'img/george_of_the_jungle.jpg', 1997, 92, 'N', '<p>En lo más profundo de la jungla africana los gorilas han criado a un bebé, George. Crecerá para ser el más valiente rey de la jungla. George va de un árbol a otro llevándose por delante todo lo que está en su camino. Pero cuando una bella mujer llamada Úrsula, procedente de la civilización, irrumpe en el mundo de George, éste perderá definitivamente el control. Dejando atrás la jungla y todos sus salvajes amigos, incluidos Mono, un gorila que habla, y Shep, un elefante que aspira a ser un perro, George aterrizará en la ciudad de San Francisco.</p>', 44, 64, 53, 3, 2),
(71, 'Sin perdón', 'img/sin-perdon.jpg', 1992, 126, 'S', '<p>William Munny (Clint Eastwood) es un pistolero retirado, viudo y padre de familia, que tiene dificultades económicas para sacar adelante a su hijos. Su única salida es hacer un último trabajo. En compañía de un viejo colega (Morgan Freeman) y de un joven inexperto (Jaimz Woolvett), Munny tendrá que matar a dos hombres que cortaron la cara a una prostituta.</p>', 48, 65, 54, 9, 1),
(72, 'Watchmen', 'img/watchmen.jpg', 2009, 163, 'N', '<p>Estados Unidos, años 80. La Guerra Fría está en su apogeo, y los superhéroes, que antes habían sido admirados, ahora son perseguidos por la ley. Un día aparece muerto uno de ellos, \"El Comediante\", que trabajaba para la CIA. Su amigo Rorschach, el único héroe enmascarado en activo, emprenderá la investigación de su muerte, tras la que se oculta algo muy importante. Esperadísima adaptación del cómic de Alan Moore y Dave Gibbons (1986).</p>', 49, 66, 55, 10, 1),
(73, '300 (I)', 'img/300.jpg', 2006, 117, 'N', '<p>Adaptación del cómic de Frank Miller (autor del cómic \'Sin City\') sobre la famosa batalla de las Termópilas (480 a.C.). El objetivo de Jerjes, emperador de Persia, era la conquista de Grecia, lo que desencadenó las Guerras Médicas. Dada la gravedad de la situación, el rey Leónidas de Esparta (Gerard Butler) y 300 espartanos se enfrentaron a un ejército persa que era inmensamente superior.</p>', 50, 67, 55, 8, 1),
(74, '300 (II)', 'img/300_rise_of_an_empire.jpg', 2014, 102, 'N', '<p>Guerras médicas (500-479 a.C.). El general griego Temistocles lucha por conseguir la unidad de las polis griegas. Él dirige las tropas griegas que se enfrentan con el ejército persa, liderado por Xerxes y Artemisa, para impedir la invasión del país. Spin-off de la película/cómic 300, basado en la novela gráfica \"Xerxes\", de Frank Miller.</p>', 51, 21, 56, 8, 1),
(75, 'Regreso al futuro (I)', 'img/regreso-al-futuro1.jpg', 1985, 116, 'S', '<p>El adolescente Marty McFly es amigo de Doc, un científico al que todos toman por loco. Cuando Doc crea una máquina para viajar en el tiempo, un error fortuito hace que Marty llegue a 1955, año en el que sus futuros padres aún no se habían conocido. Después de impedir su primer encuentro, deberá conseguir que se conozcan y se casen; de lo contrario, su existencia no sería posible.</p>', 52, 68, 57, 3, 9),
(76, 'Regreso al futuro (II)', 'img/regreso-al-futuro2.jpg', 1989, 105, 'N', '<p>Aunque a Marty McFly todavía le falta tiempo para asimilar el hecho de estar viviendo dentro de la familia perfecta gracias a su anterior viaje en el tiempo, no le queda ni espacio para respirar cuando su amigo Doc aparece de improviso con la máquina del tiempo (mucho más modernizada), e insta a que le acompañen él y su novia a viajar al futuro para solucionar un problema con la ley que tendrá uno de sus futuros hijos. En la tremenda vorágine futurista, con todo lo que ello conlleva, del Hill Valley de 2015, la presencia de tales viajeros temporales causará un efecto mayor que el que iban a arreglar. Un almanaque deportivo y la posesión del secreto de la existencia de la máquina del tiempo por parte del siempre villano Biff Tannen, serán los ingredientes que conjugarán una causa-efecto en el pasado, en el presente y en el propio futuro, que hará que Marty y Doc se tengan que emplear a fondo para poner fin a la catástrofe a la que les lleva el destino.</p>', 52, 68, 57, 3, 9),
(77, 'Regreso al futuro (III)', 'img/regreso-al-futuro3.jpg', 1990, 118, 'N', '<p>Marty McFly sigue en 1955 y su amigo Doc ha retrocedido al año 1885, la época del salvaje oeste. Éste le envía una carta donde comenta que la máquina del tiempo está averiada, y que es imposible repararla. Sin embargo no le preocupa estar atrapado en el pasado, pues allí es muy feliz trabajando de herrero aunque convive con malhechores. Pero Marty descubre una vieja tumba en la que lee que Doc murió en 1885 y, sin pensárselo dos veces, irá a rescatar a su amigo.</p>', 52, 69, 57, 3, 9),
(78, 'Golpe en la pequeña China', 'img/golpe-en-la-pequena-china2.png', 1986, 99, 'N', '<p>Jack Burton (Kurt Russell) es un camionero que, en el barrio chino de San Francisco, le gana una gran cantidad de dinero a Wang Chi (Dennis Dun). Éste lo convence para que, antes de cobrar el dinero, lo lleve al aeropuerto a recoger a su prometida Miao Yin. Cuando la chica es secuestrada por unos gángsteres chinos, Jack, que se propone rescatarla, entrará en el tenebroso mundo de Lo Pan, un mago que tiene 2.000 años y que gobierna sin piedad el mundo de los espíritus. Esquivando demonios y haciendo frente a temores incomprensibles, Jack lucha a su manera en los oscuros dominios de Lo Pan en una loca carrera para salvar a la chica.</p>', 53, 70, 58, 2, 7),
(79, 'Wonder Woman', 'img/wonder_woman.jpg', 2017, 141, 'N', '<p>Antes de ser Wonder Woman (Gal Gadot) era Diana, princesa de las Amazonas, entrenada para ser una guerrera invencible. Diana fue criada en una isla paradisíaca protegida. Hasta que un día un piloto norteamericano (Chris Pine), que tiene un accidente y acaba en sus costas, le habla de un gran conflicto existente en el mundo [Primera Guerra Mundial]. Diana decide salir de la isla convencida de que puede detener la terrible amenaza. Mientras lucha junto a los hombres en la guerra que acabará con todas las guerras, Diana descubre todos sus poderes y su verdadero destino.</p>', 4, 71, 59, 10, 1),
(80, 'El hombre de acero', 'img/superman2snyder.jpg', 2013, 143, 'N', '<p>Desde Krypton, un lejano planeta muy avanzado tecnológicamente, un bebé es enviado en una cápsula a través del espacio a la Tierra para que viva entre los humanos. Educado en una granja en Kansas en los valores de sus padres adoptivos, Martha (Diane Lane) y Jonathan Kent (Kevin Costner), el joven Clark Kent (Henry Cavill) comienza desde niño a desarrollar poderes sobrehumanos, y al llegar a la edad adulta llega a la conclusión de que esos poderes le exigen grandes responsabilidades, para proteger no sólo a los que quiere, sino también para representar una esperanza para el mundo.</p>', 54, 14, 55, 10, 1),
(81, 'Avatar (II)', 'img/avatar_the_way_of_water.jpg', 2022, 192, 'S', '<p>Más de una década después de los acontecimientos de \'Avatar\', los Na\'vi Jake Sully, Neytiri y sus hijos viven en paz en los bosques de Pandora hasta que regresan los hombres del cielo. Entonces comienzan los problemas que persiguen sin descanso a la familia Sully, que decide hacer un gran sacrificio para mantener a su pueblo a salvo y seguir ellos con vida.</p>', 25, 34, 24, 2, 7),
(82, 'Wonder Woman 1984', 'img/wonder_woman_1984_USA.jpg', 2020, 151, 'N', '<p>En 1984, en plena Guerra Fría, Diana Prince, conocida como Wonder Woman, se enfrenta al empresario Maxwell Lord y a su antigua amiga Barbara Minerva / Cheetah, una villana que posee fuerza y agilidad sobrehumanas.</p>', 4, 71, 59, 10, 1),
(83, 'La taberna del irlandés', 'img/la_taberna_del_irlandes.jpg', 1963, 109, 'N', '<p>La vida en una isla al sur del Pacífico es casi perfecta para dos amigos ya retirados del ejército: pasan su tiempo en la taberna, lugar donde discuten, pelean y se liberan de la monotonía de la vida tropical. Y a este auténtico paraíso, llega una estirada bostoniana que busca a su padre.</p>', 10, 73, 22, 3, 3),
(84, 'Operación whisky', 'img/operacion-whisky2bis.jpg', 1964, 118, 'S', '<p>Un hombre (Cary Grant) pasa la Segunda Guerra Mundial (1939-1945) en una paradisíaca isla de los mares del Sur. A causa de un accidente inesperado se refugian en la isla seis niñas y su bella institutriz francesa (Leslie Caron).</p>', 55, 74, 60, 3, 9),
(85, 'Linterna Verde', 'img/green_lantern.jpg', 2011, 114, 'N', '<p>A Hal Jordan (Ryan Reynolds), un piloto de prueba, un extraterrestre moribundo le ofrece un anillo que le concede poderes extraordinarios. Gracias a ello es reclutado para una misión de paz intergaláctica. Adaptación en imagen real del popular personaje de DC Comics, Linterna Verde.</p>', 56, 75, 15, 10, 1),
(86, 'Lobezno inmortal', 'img/lobezno3.jpg', 2013, 126, 'N', '<p>Un Logan amnésico investiga su pasado en el mundo del crimen organizado japonés. Vulnerable por primera vez y desafiando sus límites físicos y emocionales, no sólo se enfrentará al letal acero samurái, sino que además mantendrá una lucha interna contra su inmortalidad, que lo hará más fuerte.</p>', 57, 76, 2, 10, 7),
(87, 'Aquaman', 'img/aquaman8-large.jpg', 2018, 139, 'N', '<p>Cuando Arthur Curry (Jason Momoa) descubre que es mitad humano y mitad atlante, emprenderá el viaje de su vida en esta aventura que no sólo le obligará a enfrentarse a quién es en realidad, sino también a descubrir si es digno de cumplir con su destino: ser rey, y convertirse en Aquaman.</p>', 58, 77, 61, 10, 1),
(88, 'Flash', 'img/the_flash1.jpg', 2023, 144, 'N', '<p>Los mundos chocan en \"Flash\" cuando Barry utiliza sus superpoderes para viajar en el tiempo y cambiar los acontecimientos del pasado. Barry intenta salvar a su familia, pero sin saberlo altera el futuro y queda atrapado en una realidad en la que el general Zod ha regresado y amenaza con la aniquilación, pero en la que no hay Superhéroes a los que recurrir. A menos que Barry pueda persuadir a un Batman muy diferente para que salga de su retiro y rescate a un kryptoniano encarcelado... aunque no sea el que está buscando. En última instancia, para salvar el mundo en el que se encuentra y regresar al futuro que conoce, la única esperanza de Barry es luchar por seguir vivo. Pero ¿este último sacrificio será suficiente para reiniciar el universo?</p>', 59, 78, 62, 10, 1),
(89, 'Capitán América (I)', 'img/captain_america19bis.jpg', 2011, 125, 'N', '<p>Nacido durante la Gran Depresión (años 30), Steve Rogers creció como un chico enclenque en una familia pobre. Horrorizado por las noticias que llegaban de Europa sobre los nazis, decidió enrolarse en el ejército; sin embargo, debido a su precaria salud, fue rechazado una y otra vez. Enternecido por sus súplicas, el General Chester Phillips le ofreció la oportunidad de participar en un experimento especial: la \"Operación Renacimiento\". Tras administrarle el “Suero Super-Soldado” y bombardearlo con “vitarrayos”, el cuerpo de Steve se hace perfecto. A continuación, se sometió a un intensivo programa de entrenamiento físico y táctico. Tres meses después, le encomendaron su primera misión como Capitán América. Armado con un escudo indestructible, emprenderá la guerra contra el Mal como centinela de la libertad y líder de los Vengadores.</p>', 60, 79, 63, 10, 8),
(90, 'Capitán América (II)', 'img/captain_america_the_winter_soldier14.jpg', 2014, 136, 'N', '<p>Tras los devastadores acontecimientos acaecidos en Nueva York con Los Vengadores, Steve Rogers, alias el Capitán América, vive tranquilamente en Washington D.C. intentando adaptarse al mundo moderno. Pero cuando atacan a un colega de S.H.I.E.L.D., Steve se ve envuelto en una trama de intrigas que representa una amenaza para el mundo. Se unirá entonces a la Viuda Negra para desenmascarar a los conspiradores. Cuando por fin descubren la magnitud de la trama, se unirá a ellos el Halcón. Los tres tendrán que enfrentarse a un enemigo inesperado y extraordinario: el Soldado de Invierno.</p>', 60, 13, 64, 10, 8),
(91, 'Capitán América (III)', 'img/captain_america_civil_war_spain.jpg', 2016, 147, 'N', '<p>Después de que otro incidente internacional involucre a Los Vengadores, causando varios daños colaterales, aumentan las presiones políticas para instaurar un sistema que exija más responsabilidades y que determine cuándo deben contratar los servicios del grupo de superhéroes. Esta nueva situación dividirá a Los Vengadores, mientras intentan proteger al mundo de un nuevo y terrible villano. Tercera entrega de la saga Capitán América.</p>', 60, 13, 65, 10, 8),
(92, 'Iron Man (I)', 'img/iron_man1.jpg', 2008, 126, 'N', '<p>El multimillonario fabricante de armas Tony Stark (Robert Downey Jr.) debe enfrentarse a su turbio pasado después de sufrir un accidente con una de sus armas. Equipado con una armadura de última generación tecnológica, se convierte en \"El hombre de hierro\", un héroe que se dedica a combatir el mal en todo el mundo.</p>', 9, 80, 66, 10, 8),
(93, 'Muerte en el Nilo (2022)', 'img/muerte-en-el-nilo_spain.jpg', 2022, 127, 'N', '<p>Basada en la novela de Agatha Christie, publicada en 1937. \"Muerte en el Nilo\" es un thriller de misterio dirigido por Kenneth Branagh sobre el caos emocional y las consecuencias letales que provocan los amores obsesivos. Las vacaciones egipcias del detective belga Hércules Poirot, a bordo de un glamuroso barco de vapor, se ven alteradas por la búsqueda de un asesino cuando la idílica luna de miel de una pareja perfecta se ve truncada de la forma más trágica.</p>', 61, 71, 42, 11, 7),
(94, 'Asesinato en el Orient Express', 'img/asesinato_en_el_orient_express1.jpg', 2017, 116, 'N', '<p>Durante un viaje en el legendario tren Orient Express, el detective belga Hercules Poirot investiga un asesinato cometido en el trayecto, y a resultas del cual todos los pasajeros del tren son sospechosos del mismo.</p>', 61, 81, 42, 11, 7),
(95, 'Stardust', 'img/stardust-1.jpg', 2007, 130, 'N', '<p>En un pequeño pueblo inglés que limita con un territorio mágico e inaccesible, el joven Tristán (Charlie Cox) emprende la búsqueda de una estrella caída del cielo para conquistar el corazón de Victoria (Sienna Miller). Su viaje, una auténtica odisea, lo lleva a un misterioso país, donde encuentra la estrella, que se ha convertido en la preciosa Yvaine (Claire Danes). Pero también buscan la estrella otras personas: los cuatro hijos del Rey (Peter O’Toole) y los fantasmas de sus tres hermanos muertos, que la necesitan para ocupar el trono; y, además, Lamia (Michelle Pfeiffer), una malvada bruja que la desea para recuperar la juventud. Tristán tendrá, pues, que luchar denodadamente contra todos ellos. Sin embargo, cuando conoce a un pirata llamado capitán Shakespeare (Robert De Niro) y al siniestro comerciante Ferdy the Fence (Ricky Gervais), descubrirá, al fin, cuál es el auténtico significado de su viaje.</p>', 62, 82, 67, 4, 3),
(96, 'El séptimo hijo', 'img/seventh_son-1.jpg', 2014, 102, 'N', '<p>El Maestro Gregory es un caballero que siglos atrás capturó a la maléfica y poderosa bruja Madre Malkin. Pero la bruja consiguió escapar y prepara su venganza. Tras convocar a todos sus seguidores, Malkin decide actuar. Mientras, el Maestro Gregory se propone enseñar en un tiempo récord a su joven aprendiz Tom Ward a luchar contra la magia negra.</p>', 63, 83, 68, 4, 22),
(97, 'Tomb Raider', 'img/tomb_raider-spain.jpg', 2018, 122, 'N', '<p>Lara Croft, la independiente hija de un excéntrico aventurero que desapareció cuando ella era apenas una adolescente, se ha convertido en una joven de 21 años sin ningún propósito en la vida. Se abre paso por las caóticas calles del East London, el barrio de moda, como mensajera en bicicleta, un trabajo que apenas le da para pagar el alquiler. Decidida a forjar su propio camino, se niega a tomar las riendas del imperio empresarial de su padre, con la misma firmeza que se niega a reconocer que él se ha ido para siempre. Un día Lara decide dejar atrás todo e ir en busca del último paradero conocido de su padre: una legendaria tumba en una isla mítica que podría estar en algún lugar de la costa de Japón... Nueva película basada en la saga de videojuegos \"Tomb Raider\".</p>', 64, 84, 69, 1, 11),
(98, 'Mortal Engines', 'img/mortal_engines-956713839-large.jpg', 2018, 128, 'N', '<p>Miles de años después de la destrucción de la civilización por un cataclismo, la humanidad se ha adaptado y, ahora, existen gigantescas ciudades en movimiento que vagan por la tierra sobre enormes ruedas absorbiendo a los pueblos más pequeños para obtener recursos. En una de esas colosales urbes Tom Natsworthy (Robert Sheehan), proveniente de la clase baja de Londres, deberá luchar por su vida junto a la peligrosa fugitiva Hester Shaw (Hera Hilmar). Dos opuestos, cuyos caminos nunca debieron cruzarse, forman una peculiar alianza destinada a cambiar el curso del futuro.</p>', 65, 85, 70, 2, 9),
(99, 'Kong: La isla calavera', 'img/kong_skull_island-spain.jpg', 2017, 120, 'N', '<p>En los años 70, un variopinto grupo de exploradores y soldados es reclutado para viajar a una misteriosa isla del Pacífico. Entre ellos están el capitán James Conrad (Tom Hiddleston), el teniente coronel Packard (Samuel L. Jackson) y una fotoperiodista (Brie Larson). Pero al adentrarse en esta bella pero traicionera isla, los exploradores encontrarán algo absolutamente sorprendente. Sin saberlo, estarán invadiendo los dominios del mítico Kong, el gorila gigante rey de esta isla. Será Marlow (John C. Reilly), un peculiar habitante del lugar, quien les enseñe los secretos de Isla Calavera, además del resto de seres monstruosos que la habitan.</p>', 66, 86, 71, 12, 1),
(100, 'Capitana Marvel', 'img/captain_marvel-842104327-large.jpg', 2019, 125, 'N', '<p>La historia sigue a Carol Danvers mientras se convierte en una de las heroínas más poderosas del universo, cuando la Tierra se encuentra atrapada en medio de una guerra galáctica entre dos razas alienígenas... Situada en los años 90, \'Capitana Marvel\' es una historia nueva de un período de tiempo nunca antes visto en la historia del Universo Cinematográfico de Marvel.</p>', 67, 86, 72, 10, 8),
(101, 'La princesa prometida', 'img/the_princess_bride-spain2.jpg', 1987, 98, 'N', '<p>Después de buscar fortuna durante cinco años, Westley (Cary Elwes) retorna a su tierra para casarse con su amada, la bella Buttercup (Robin Wright Penn), a la que había jurado amor eterno. Sin embargo, para recuperarla habrá de enfrentarse a Vizzini (Wallace Shawn) y sus esbirros. Una vez derrotados éstos, tendrá que superar el peor de los obstáculos: el príncipe Humperdinck (Chris Sarandon) pretende desposar a la desdichada Buttercup, pese a que ella no lo ama, ya que sigue enamorada de Westley.</p>', 68, 87, 73, 4, 7),
(102, 'La sombra', 'img/the_shadow-557954781-large.jpg', 1994, 107, 'N', '<p>En la ciudad de Nueva York corre el rumor de que una sombra se dedica a combatir el crimen. Nadie sabe nada, solo una joven será capaz de descubrir la verdadera identidad de la persona que se oculta bajo la sombra.</p>', 69, 88, 44, 13, 9),
(103, 'Rocketeer', 'img/the_rocketeer-335558252-large.jpg', 1991, 110, 'N', '<p>Hollywood, años treinta. Después de robar un arma secreta en Los Ángeles, la mafia la esconde en un aeródromo. Se trata de un propulsor individual que convierte a quien lo utiliza en un auténtico hombre cohete. Los nazis están muy interesados en ella. Fortuitamente llega a manos de Cliff Secord, un piloto acrobático a quien todos intentarán atrapar.</p>', 70, 3, 63, 13, 2),
(104, 'The Phantom', 'img/the_phantom-695947415-large.jpg', 1996, 100, 'N', '<p>1938. Todos respetan en la selva de Bengala al ”Fantasma que camina”, un misterioso enmascarado que allí impone su ley. Ahora se enfrenta a una Hermandad de piratas que está a punto de apoderarse de tres calaveras dotadas de tan excepcionales poderes que estarían en condiciones de someter al mundo. \"El espíritu que camina\" tendrá que ir a Nueva York a detener a los criminales, y encontrará en esta aventura a la mujer de su vida.</p>', 71, 89, 74, 13, 3),
(105, 'TRON: Legacy', 'img/tron_legacy-744543223-large.jpg', 2010, 125, 'N', '<p>Cuando Sam Flynn (Garrett Hedlund), un experto programador de 27 años, investiga la desaparición de su padre, Kevin Flynn (Jeff Bridges), se encuentra de repente inmerso en un peligroso y salvaje mundo surrealista, un mundo paralelo donde su padre ha vivido durante 25 años. Con la ayuda de una joven (Olivia Wilde), padre e hijo emprenden un viaje a vida o muerte, a través de un sofisticado universo cibernético. Secuela del clásico de culto de 1982.</p>', 72, 90, 3, 6, 2),
(106, 'John Carter', 'img/john_carter-spain.jpg', 2012, 132, 'N', '<p>John Carter es un veterano capitán del ejército de La Confederación, que una vez trasladado misteriosamente al planeta rojo deberá tomar parte en el conflicto de sus pobladores al descubrir que la perduración de sus habitantes está en sus manos. Junto a Tras Tarkas (Willem Dafoe) y la cautivadora Princesa Dejah Thoris (Lynn Collins), John Carter vivirá una aventura repleta de peligros. Adaptación de ‘Una princesa de Marte’, la primera novela fantástica de Edgar Rice Burroughs.</p>', 73, 91, 75, 6, 2),
(107, 'Oblivion', 'img/oblivion-spain.jpg', 2013, 126, 'N', '<p>Año 2073. Hace más de 60 años la Tierra fue atacada; se ganó la guerra, pero la mitad del planeta quedó destruido, y todos los seres humanos fueron evacuados. Jack Harper (Tom Cruise), un antiguo marine, es uno de los últimos hombres que la habitan. Es un ingeniero de Drones que participa en una operación para extraer los recursos vitales del planeta. Su misión consiste en patrullar diariamente los cielos. Un día, rescata a una desconocida de una nave espacial y, entonces, se ve obligado a replantearse sus convicciones más profundas.</p>', 3, 36, 3, 6, 9),
(108, 'Warcraft: El Origen', 'img/warcraft_the_beginning-540185685-large.jpg', 2016, 123, 'N', '<p>El pacífico reino de Azeroth está a punto de entrar en guerra para enfrentarse a unos terribles invasores: orcos guerreros que han dejado su destruido mundo para colonizar otro. Al abrirse un portal que conecta ambos mundos, un ejército se enfrenta a la destrucción, y el otro, a la extinción. Dos héroes, uno en cada bando, están a punto de chocar en un enfrentamiento que cambiará el destino de su familia, su pueblo y su hogar. Así empieza una espectacular saga de poder y sacrificio donde se descubren las numerosas caras de la guerra y donde cada uno lucha por lo suyo. Adaptación del popular videojuego homónimo.</p>', 74, 92, 76, 4, 22),
(109, 'El juego de Ender', 'img/ender_s_game-766109384-large.jpg', 2013, 114, 'N', '<p>Setenta años después de una guerra entre seres humanos y extraterrestres, un niño es enviado a una escuela militar espacial con el fin de prepararlo para una futura invasión. Adaptación de la popular novela de ciencia-ficción de Orson Scott Card.</p>', 75, 93, 77, 6, 23),
(110, 'Battleship', 'img/battleship-spain.jpg', 2012, 131, 'N', '<p>La Tierra está siendo invadida por parte de unos alienígenas que pretenden hacerse con los océanos para utilizarlos como fuente de energía. El ejército estadounidense liderará en un primer momento la defensa del Planeta, aunque la batalla pronto contará con la implicación de todos los países del mundo y de sus ciudadanos.... Adaptación del famoso juego de mesa de estrategia naval \"Hundir la flota\".</p>', 73, 94, 78, 6, 9),
(111, 'La invención de Hugo', 'img/hugo-spain.jpg', 2011, 127, 'S', '<p>París, años 30. Hugo (Asa Butterfield) es un niño huérfano, relojero y ladrón que vive entre los muros de una ajetreada estación de trenes parisina. Nadie sabe de su existencia hasta que le descubre una excéntrica niña (Chloë Moretz) junto a la que vivirá una increíble aventura...</p>', 75, 95, 79, 4, 3),
(112, 'Hancock', 'img/hancock-spain.jpg', 2008, 92, 'N', '<p>Hancock (Will Smith), una especie de héroe bastante impopular, se siente insatisfecho, atormentado e incomprendido. Con sus acciones heroicas, consigue salvar muchas vidas, pero, al mismo tiempo, provoca auténticas catástrofes. Aunque, en general, la población le está agradecida, la mayoría de los habitantes de Los Ángeles no puede soportarlo. Un día en que le salva la vida a Ray Embrey (Jason Bateman), un alto ejecutivo de una empresa de relaciones públicas, Hancock se da cuenta de que es un ser vulnerable.</p>', 77, 8, 78, 10, 5),
(113, 'Independence Day', 'img/independence_day-797222535-large.jpg', 1996, 145, 'S', '<p>En víspera del 4 de julio, unas gigantescas naves espaciales aparecen en el cielo. El estupor inicial se convierte en terror al ver cómo atacan el planeta lanzando rayos destructivos contra las mayores ciudades del mundo. La única esperanza de salvación está en manos de algunos supervivientes, que se unen planeando un ataque masivo contra los alienígenas, antes de que sea demasiado tarde.</p>', 77, 49, 80, 6, 7),
(114, 'Independence Day (II)', 'img/independence_day_resurgence-spain.jpg', 2016, 119, 'N', '<p>Utilizando la tecnología que los extraterrestres tenían 20 años antes, las naciones de la Tierra, que temen el regreso de los invasores, han colaborado en la elaboración de un gigantesco programa de defensa para proteger el planeta. Pero no es seguro que ese programa sirva para hacer frente a los avanzados e inauditos recursos de los atacantes. Quizá sólo la inventiva de unos pocos valientes pueda evitar la destrucción del mundo, que se encuentra de nuevo al borde de la extinción. Secuela del gran éxito de 1996 \"Independence Day\".</p>', 78, 96, 80, 6, 7),
(115, 'Los 7 magníficos (1960)', 'img/los_siete_magnificos_clasica1bis_spain.jpg', 1960, 126, 'N', '<p>Los humildes habitantes de un pueblo mexicano, que viven modestamente de la agricultura, se hallan a merced de una despiadada banda de forajidos que constantemente les exigen un pago por sus cosechas. Como ellos no saben defenderse, deciden contratar los servicios de siete pistoleros, siete implacables mercenarios cada uno con una habilidad especial en el manejo de las armas.</p>', 79, 97, 81, 9, 19),
(116, 'Los 7 magníficos (2016)', 'img/los_siete_magnificos_actual1.jpg', 2016, 132, 'N', '<p>Los habitantes de Rose Creek, atemorizados bajo el control del industrial Bartholomew Bogue, deciden contratar a siete forajidos para terminar con la amenaza: Sam Chisolm (Denzel Washington), Josh Faraday (Chris Pratt), Goodnight Robicheaux (Ethan Hawke), Jack Home (Vincent D´Onofrio), Billy Rocks (Byung-Hun Lee), Vasquez (Manuel García Rulfo) y Red Harvest (Martin Sensmeier). Sin embargo, pronto se darán cuenta estos siete que están luchando por algo más que el simple dinero. Remake del western homónimo de John Sturges, a su vez remake de \'Los siete samuráis\' de Akira Kurosawa.</p>', 80, 98, 40, 9, 11),
(117, 'Centauros del desierto', 'img/centauros_del_desierto2.jpg', 1956, 119, 'N', '<p>Texas. En 1868, tres años después de la guerra de Secesión, Ethan Edwards, un hombre solitario, vuelve derrotado a su hogar. La persecución de los comanches que han raptado a una de sus sobrinas se convertirá en un modo de vida para él y para Martin, un muchacho mestizo adoptado por su familia.</p>', 10, 99, 22, 9, 1),
(118, 'Operación U.N.C.L.E.', 'img/operacion_uncle_spain.jpg', 2015, 116, 'N', '<p>Guerra fría, años 60. Narra las aventuras de dos agentes secretos que se parecen más de lo que creen: Napoleon Solo, de la CIA, e Illya Kuryakin, del KGB. Ambos se ven obligados a olvidar sus diferencias y formar un equipo cuya misión será poner fin a una misteriosa organización criminal internacional que pretende desestabilizar el frágil equilibrio de poder provocado por la proliferación de las armas nucleares. La hija de un científico alemán desaparecido es la clave para infiltrarse en la organización, encontrar al científico y evitar una catástrofe mundial.</p>', 54, 84, 43, 2, 1),
(119, 'Flash Gordon', 'img/flash_gordon-158541689-large_bis.jpg', 1980, 110, 'N', '<p>El doctor Zarkov, un científico expulsado de la NASA, viaja en un cohete espacial con el joven jugador de rugby Flash Gordon y su amiga Dale Arden. Los tres intentarán salvar al planeta de la amenaza de Ming, el emperador del lejano reino Mongo, que ha lanzado una de sus lunas para que choque contra la Tierra. Adaptación al cine de un cómic de Alex Raymond.</p>', 81, 100, 82, 13, 24),
(120, 'La vuelta al mundo en 80 días', 'img/la_vuelta_al_mundo_en_80_dias_bis.jpg', 1956, 167, 'S', '<p>Adaptación de la novela homónima de Julio Verne. Un ladrón ha robado 55.000 libras del banco de Inglaterra. Todos creen que ha sido Phileas Fogg, un auténtico caballero inglés, que ha hecho una apuesta con sus compañeros de club, asegurando que es capaz de dar la vuelta al mundo en 80 días.</p>', 82, 101, 83, 1, 1),
(121, 'La máquina del tiempo (2002)', 'img/la_maquina_del_tiempo_spain.jpg', 2002, 92, 'N', '<p>El científico e inventor Alexander Hartdegen pretende demostrar que los viajes a través del tiempo son posibles. Una tragedia personal que lo ha sumido en la desesperación explica su deseo de volver al pasado. Pero la máquina de su invención, en contra de sus deseos, lo lleva al futuro, concretamente a 800.000 años después, donde descubre que la humanidad se ha dividido en dos bandos: los perseguidores y los perseguidos.</p>', 83, 102, 84, 6, 1),
(122, 'La máquina del tiempo (1960)', 'img/el_tiempo_en_sus_manos_spain3.jpg', 1960, 103, 'S', '<p>Inglaterra, 1899. Un científico construye un vehículo que le permite viajar a través del tiempo. Con él emprende un alucinante viaje a través de los siglos y es testigo, entre otros acontecimientos, de la Segunda Guerra Mundial y de un holocausto atómico en 1966, del que sale ileso. Su último destino es un paradisíaco lugar del futuro, cuyas gentes viven en el año 802.701, donde le tocará vivir una increíble aventura.</p>', 84, 103, 85, 6, 11),
(123, 'Horizontes de grandeza', 'img/horizontes_de_grandeza_spain1bis.jpg', 1958, 159, 'S', '<p>James McKay (Peck), un capitán de navío retirado, viaja desde el Este a las vastas llanuras de Texas para casarse con Pat Terrill (Baker), la hija de un rico ganadero. El choque entre McKay, hombre pacífico, culto y educado, y los violentos y toscos rancheros es inevitable. No sólo tendrá que enfrentarse con el capataz Steve Leech (Heston), sino que incluso su novia se sentirá decepcionada por su comportamiento. Mientras tanto, el padre de Pat y el clan de los Hannassey luchan encarnizadamente por el control del agua para abrevar el ganado.</p>', 85, 104, 86, 9, 19),
(124, 'Thor: Ragnarok', 'img/thor_ragnarok-spain.jpg', 2017, 130, 'N', '<p>Thor está preso al otro lado del universo sin su poderoso martillo y se enfrenta a una carrera contra el tiempo. Su objetivo es volver a Asgard y parar el Ragnarok porque significaría la destrucción de su planeta natal y el fin de la civilización Asgardiana a manos de una todopoderosa y nueva amenaza, la implacable Hela. Pero, primero deberá sobrevivir a una competición letal de gladiadores que lo enfrentará a su aliado y compañero en los Vengadores, ¡el Increíble Hulk!.</p>', 40, 11, 87, 10, 8),
(125, 'Todo en un día', 'img/todo_en_un_dia_spain_bis.jpg', 1986, 104, 'N', '<p>Un joven de 17 años decide disfrutar de unas vacaciones anticipadas aprovechando la ausencia de sus padres. Prepara minuciosamente un día dedicado enteramente a hacer todo lo que normalmente no puede hacer. Para ello contará, por supuesto, con la compañía de su mejor amigo y de su novia.</p>', 86, 105, 88, 14, 3),
(126, 'Legend', 'img/legend-394828225-large_bis.jpg', 1985, 89, 'N', '<p>Lili es una bella princesa a la que le gusta pasear por el bosque encantado. Ella dice que va a ver a unos parientes, pero en realidad va a encontrarse con Jack, un extraño personaje verde. Mientras, una personificación del diablo intentará extender la noche eterna asesinando al unicornio de esas tierras. Aunque no parece que haya salvación, Jack y sus amigos se enfrentarán a él para salvar al mundo y a la princesa.</p>', 3, 105, 8, 4, 7);
INSERT INTO `peliculas` (`pk_id_pelicula`, `titulo`, `cartel_pelicula`, `anio`, `duracion`, `oscar_pelicula`, `resumen`, `fk_id_actor`, `fk_id_actriz`, `fk_id_director`, `fk_id_genero`, `fk_id_produccion`) VALUES
(127, 'Lady Halcón', 'img/lady_halcon_spain_bis2.jpg', 1985, 124, 'N', '<p>Edad Media. Una leyenda de carácter sobrenatural relata la diabólica venganza del Obispo de Aquila, que consiste en hacer imposible el amor entre Navarre (Rutger Hauer) e Isabeau Anjou (Michelle Pfeiffer). Aliándose con las fuerzas del mal, el Obispo consigue hechizar a los amantes: ella se convertirá en halcón durante el día, y él será un lobo por la noche. Eternamente unidos y separados, encontrarán un aliado en el joven lacayo Philippe Gaston (Matthew Broderick), que intentará ayudarlos a conjurar la maldición del obispo.</p>', 86, 81, 35, 4, 7),
(128, 'Conan el destructor ', 'img/conan_the_destroyer-144373742-large.jpg', 1984, 103, 'N', '<p>La poderosa Reina Taramis promete a Conan hacer volver a su amada del Reino de la Muerte, pero con una condición: debe traerle un legendario cuerno con piedras preciosas incrustadas y a una bella y joven princesa. Lo que Conan ignora es que la Reina quiere utilizar el cuerno para despertar al durmiente dios Dagoth y sacrificarle a la princesa. Enfrentado con enemigos mortales y sobrenaturales, Conan debe convocar a las fuerzas del Bien para derrotar a Taramis e incluso al mismísimo dios Dagoth.</p>', 30, 106, 89, 4, 24),
(129, 'Planeta prohibido', 'img/planeta_prohibido_spain1.jpg', 1956, 98, 'N', '<p>Una expedición de astronautas llega a un planeta gobernado por un expatriado en este clásico de la ciencia ficción, inspirado en \"La tempestad\", de William Shakespeare.</p>', 87, 107, 90, 6, 11),
(130, 'Conan el bárbaro (2011)', 'img/conan2011_2.jpg', 2011, 112, 'N', '<p>Nueva adaptación de la historia de Conan el bárbaro y sus aventuras a través del continente de Hyboria. Conan, un niño nacido en plena batalla que habita en una aldea bárbara, graba en su memoria los rostros de los guerreros que matan a su familia. Años después, el joven Conan se convierte en un forzudo y valiente guerrero.</p>', 58, 108, 91, 4, 25),
(131, 'El guía del desfiladero', 'img/el_guia_del_desfiladero3.jpg', 2007, 99, 'N', '<p>Sangrienta historia de acción y aventuras ambientada en el siglo X, época en la que piratas vikingos arribaron a las costas de América del Norte. Tras una incursión de saqueo, un muchacho vikingo se queda en tierra y es criado por los indios que sobrevivieron al ataque. Previendo una nueva razzia de sus compatriotas, el guerrero vikingo-indio (Karl Urban) tratará de impedir que vuelvan a dejar un rastro de muerte y destrucción a su paso.</p>', 88, 109, 91, 4, 7),
(132, 'Silverado', 'img/silverado-347684772-large-bis.jpg', 1985, 133, 'N', '<p>Silverado es una vieja población fronteriza del Oeste. En 1880, cuatro hombres cabalgan por el polvoriento camino que lleva a la ciudad: son los hermanos Emmett, el aventurero Paden y un duro vaquero de raza negra. Al llegar, se encuentran con un ambiente hostil. Sus principales enemigos son el sheriff y un despótico ganadero.</p>', 36, 110, 92, 9, 5),
(133, 'La muerte tenía un precio', 'img/la_muerte_tenia_un_precio.jpg', 1965, 132, 'N', '<p>Dos cazadores de recompensas que buscan al mismo hombre deciden unir sus fuerzas para encontrarlo, aunque las razones que los mueven son completamente diferentes. Su título original (\"Per qualche dollaro in più\") ya sugiere que es la continuación natural de \"Por un puñado de dólares\" (\"Per un pugno di dollari\"), dirigida por Leone un año antes.</p>', 48, 23, 93, 9, 26),
(134, 'El árbol del ahorcado', 'img/el_arbol_del_ahorcado.jpg', 1959, 106, 'N', '<p>En la época de la fiebre del oro, a un poblado minero de Montana llega Joe Frail (Gary Cooper), un extraño y contradictorio médico sobre el que parece pesar un oscuro pasado. Tras el asalto de unos bandoleros a la diligencia, la única superviviente resulta ser una inmigrante suiza (Maria Schell) que, a causa de una insolación, se queda ciega. De cuidarla hasta que recupera la vista se ocupará Frail.</p>', 89, 111, 94, 9, 1),
(135, 'El bueno, el feo y el malo', 'img/el_bueno_el_feo_y_el_malo_spain2.jpg', 1966, 161, 'N', '<p>Durante la guerra civil norteamericana (1861-1865), tres cazadores de recompensas buscan un tesoro que ninguno de ellos puede encontrar sin la ayuda de los otros dos. Así que colaboran entre sí para conseguir el botín.</p>', 48, 23, 93, 9, 26),
(136, 'Por un puñado de dólares', 'img/por_un_punado_de_dolares_bis.jpg', 1964, 95, 'N', '<p>Tras la muerte de Juárez, en México dominan la injusticia y el terror. Joe (Clint Eastwood), un pistolero vagabundo, llega al pueblo fronterizo de San Miguel, donde dos familias se disputan el control del territorio, y entra al servicio del clan Rojo. Una noche, es testigo del intercambio de oro por armas entre mexicanos y soldados de la Unión. Remake en clave de western de \"Yojimbo\", de Akira Kurosawa.</p>', 48, 112, 93, 9, 27),
(137, 'Liga de la Justicia', 'img/la_liga_de_la_justicia_weldon6.jpg', 2017, 121, 'N', '<p>Motivado por la fe que había recuperado en la humanidad e inspirado por la acción altruista de Superman, Bruce Wayne recluta la ayuda de su nueva aliada, Diana Prince, para enfrentarse a un enemigo aún mayor. Juntos, Batman y Wonder Woman se mueven rápidamente para intentar encontrar y reclutar un equipo de metahumanos que combata esta nueva amenaza. El problema es que a pesar de la formación de esta liga de héroes sin precedentes –Batman, Wonder Woman, Aquaman, Cyborg y Flash– puede que sea demasiado tarde para salvar el planeta de una amenaza de proporciones catastróficas.</p>', 90, 71, 10, 10, 1),
(138, 'Liga de la Justicia', 'img/la_liga_de_la_justicia_snyder_spain.jpg', 2021, 242, 'N', '<p>Con la determinación de asegurar que el sacrificio definitivo de Superman (Henry Cavill) no fue en vano, Bruce Wayne (Ben Affleck) une fuerzas con Diana Prince (Gal Gadot) para reclutar a un equipo de metahumanos que protejan el mundo de una amenaza inminente de proporciones catastróficas. La tarea es más difícil de lo que Bruce imaginaba, ya que cada uno de los reclutas deberá enfrentarse a sus propios demonios para trascender aquello que los detenía, para unirse y formar de manera definitiva una liga de héroes sin precedentes. Ahora unidos, Batman, la Mujer Maravilla, Aquaman (Jason Momoa), Cyborg (Ray Fisher) y Flash (Ezra Miller) deberán salvar al planeta de la amenaza de Steppenwolf, DeSaad y Darkseid, antes de que sea demasiado tarde.</p>\r\n<p>Versión extendida de \"Justice League\" (2017), que representará una versión fiel a la visión original de la obra de Zack Snyder, que fue apartado de la producción de la misma tras una tragedia personal y reemplazado por Joss Whedon.</p>', 90, 71, 55, 10, 1),
(139, 'Batman v. Superman', 'img/batman_v_superman_dawn_of_justice.jpg', 2016, 153, 'N', '<p>Ante el temor de las acciones que pueda llevar a cabo Superman, el vigilante de Gotham City aparece para poner a raya al superhéroe de Metrópolis, mientras que la opinión pública debate cuál es realmente el héroe que necesitan. El hombre de acero y Batman se sumergen en una contienda territorial, pero las cosas se complican cuando una nueva y peligrosa amenaza surge rápidamente, poniendo en jaque la existencia de la humanidad.</p>', 54, 14, 55, 10, 1),
(140, '¡Shazam!', 'img/shazam-spain.jpg', 2019, 132, 'N', '<p>Cuando Billy Batson (Angel), un chaval de acogida de 14 años que ha crecido en las calles, grita la palabra \'SHAZAM!\', se convierte en el Superhéroe adulto Shazam (Levi), por cortesía de un antiguo mago. Dentro de un cuerpo musculoso y divino, Shazam esconde un corazón de niño. Pero lo mejor es que en esta versión de adulto consigue realizar todo lo que le gustaría hacer a cualquier adolescente con superpoderes: ¡Divertirse con ellos! ¿Volar? ¿Tener visión de rayos X? ¿Disparar un rayo con las manos? ¿Saltarse el examen de sociales? Shazam va a poner a prueba los límites de sus habilidades con la inconsciencia propia de un niño. Pero necesitará dominar rápidamente esos poderes para luchar contra las letales fuerzas del mal que controla el Dr. Thaddeus Sivana (Strong).</p>', 91, 113, 95, 10, 1),
(141, 'Black Adam', 'img/black_adam-509850154-large.jpg', 2022, 125, 'N', '<p>Casi 5.000 años después de haber sido dotado de los poderes omnipotentes de los antiguos dioses, Black Adam (Johnson) es liberado de su tumba terrenal, listo para desatar su forma única de justicia en el mundo moderno.</p>', 46, 114, 96, 10, 1),
(142, '¡Shazam! (II)', 'img/shazam_fury_of_the_gods-214621963-large.jpg', 2023, 130, 'N', '<p>Billy Batson y sus compañeros adoptados han recibido los poderes de los dioses pero aún están aprendiendo a compaginar sus vidas de adolescentes con sus alter-egos superheróicos. Pero cuando las Hijas de Atlas, un vengativo trío de antiguos dioses, llegan a la Tierra en busca de la magia que les robaron hace mucho tiempo, Billy -alias Shazam- y su familia se ven envueltos en una batalla por sus superpoderes, sus vidas y el destino de su mundo.</p>', 91, 115, 95, 10, 1),
(143, 'Star Trek (XI)', 'img/star_trek_star_trek_xi-815589716-large.jpg', 2009, 126, 'N', '<p>Remade de la mítica saga de Star Trek, dirigida por el creador de la serie \"Perdidos\" (Lost), que narra cómo se conocieron el capitan Kirk y Spock. Todo está preparado para el viaje inaugural de la moderna nave USS Enterprise. Su joven tripulación tiene una importante misión: detener al malvado Nero (Eric Bana), que movido por la venganza amenaza a toda la humanidad. Pero el destino de la galaxia está en manos de dos jóvenes rivales de mundos diferentes. Tiberio James Kirk (Chris Pine), joven de una granja de Iowa que busca emociones, es un líder nato a la búsqueda de una causa. El otro, Spock (Zachary Quinto), creció en el planeta Vulcano y medio humano, pero también un brillante y decidido estudiante. La tripulación de la USS está liderada por el Capitán Christopher Pike (Bruce Greenwood). También están el Oficial Médico, Leonard \"Bones\" McCoy (Karl Urban); Montgomery \"Scotty\" Scott (Simon Pegg); el oficial de comunicaciones Uhura (Zoë Saldaña); el experimentado Timonel Sulu (John Cho) y el joven Chekov (Anton Yelchin). Todos se enfrentan a un angustioso primer viaje.</p>', 4, 34, 97, 6, 3),
(144, 'Star Trek (XII)', 'img/star_trek_into_darkness_star_trek_2-387679459-large.jpg', 2013, 132, 'N', '<p>La tripulación de la nave Enterprise recibe la orden de regresar a la Tierra para enfrentarse a un terrorífico grupo que, desde dentro, ha perpetrado un ataque contra la cúpula de la Federación, sumiéndola en una profunda crisis. Para solucionar el problema, además de un asunto personal, el capitán Kirk encabeza una incursión a un planeta en guerra para capturar a un hombre que es un arma de destrucción masiva. A medida que nuestros héroes se van sumergiendo en una épica partida de ajedrez a vida o muerte, la lealtad se verá puesta a prueba, las amistades se romperán, y habrá que hacer ciertos sacrificios por la única familia que le queda a Kirk: su tripulación.</p>', 4, 34, 97, 6, 3),
(145, 'Star Trek (XIII)', 'img/star_trek_beyond-427999036-large.jpg', 2016, 120, 'N', '<p>El USS Enterprise, la nave insignia de la Flota Estelar liderada por el capitán James T. Kirk (Chris Pine), vuelve a surcar el universo para asegurarse de la protección de la Tierra y del resto de planetas aliados. Pero la tranquilidad durará poco y el peligro acecha. La primera etapa de su misión les llevará a un territorio desconocido, y su travesía de vigilancia pronto se convertirá en una carrera por la supervivencia espacial cuando se enfrenten a un nuevo y fiero enemigo, Krall (Idris Elba), una especie alienígena avanzada. Para frenar sus siniestros planes, Kirk deberá reunir a su equipo y usar todo sus recursos para resolver los desafíos a los que se enfrentarán. A la vez que intentan encontrar el modo de volver a la Tierra, su misión será proteger el futuro de la raza humana y preservar la armonía entre especies... Tercera entrega de la nueva saga de Star Trek.</p>', 4, 116, 98, 6, 3),
(146, 'La momia (2017)', 'img/the_mummy-387983691-large.jpg', 2017, 105, 'N', '<p>A pesar de estar enterrada en una tumba en lo más profundo del desierto, una antigua princesa (Sofia Boutella) cuyo destino le fue arrebatado injustamente, se despierta en la época actual, trayendo consigo una maldición que ha crecido hasta límites insospechados con el paso de miles de años.</p>', 3, 116, 99, 1, 9),
(147, 'Kingsman (I)', 'img/kingsman_the_secret_service-spain.jpg', 2014, 129, 'N', '<p>Un veterano agente secreto inglés (Colin Firth) debe entrenar a un joven sin refinar (Taron Egerton), pero que promete convertirse en un competitivo agente gracias a un ultra-programa de entrenamiento, al mismo tiempo que una amenaza global emerge procedente de un genio retorcido. Adaptación del cómic de Mark Millar y Dave Gibbons.</p>', 92, 116, 67, 2, 7),
(148, 'La isla', 'img/la_isla.jpg', 2005, 127, 'N', '<p>Año 2019. Lincoln Seis-Echo y Jordan Dos-Delta se encuentran entre los cientos de residentes de una especie de campo de concentración. Dentro de ese lugar cuidadosamente vigilado, su vida cotidiana, como la de los demás, está rigurosamente controlada y llena de restricciones. La única salida -y la esperanza que todos comparten- consiste en ser elegidos para ir a \"La isla\", el único lugar del mundo que no ha sufrido los efectos contaminantes de un desastre ecológico que, al parecer, acabó con todos los hombres, excepto los habitantes de esa zona. Lincoln, que vive atormentado por pesadillas inexplicables, se siente cada vez más inquieto, y su creciente curiosidad lo llevará a descubrir un terrible secreto.</p>', 93, 13, 100, 2, 1),
(149, 'Los Vengadores IV', 'img/avengers_infinity_war-1.jpg', 2018, 156, 'N', '<p>El todopoderoso Thanos ha despertado con la promesa de arrasar con todo a su paso, portando el Guantelete del Infinito, que le confiere un poder incalculable. Los únicos capaces de pararle los pies son los Vengadores y el resto de superhéroes de la galaxia, que deberán estar dispuestos a sacrificarlo todo por un bien mayor. Capitán América e Ironman deberán limar sus diferencias, Black Panther apoyará con sus tropas desde Wakanda, Thor y los Guardianes de la Galaxia e incluso Spider-Man se unirán antes de que los planes de devastación y ruina pongan fin al universo. ¿Serán capaces de frenar el avance del titán del caos?</p>', 60, 13, 64, 10, 8),
(150, 'Los Vengadores V', 'img/avengers_endgame-1-spain.jpg', 2019, 181, 'N', '<p>Después de los eventos devastadores de \'Avengers: Infinity War\', el universo está en ruinas debido a las acciones de Thanos, el Titán Loco. Con la ayuda de los aliados que quedaron, los Vengadores deberán reunirse una vez más para intentar deshacer sus acciones y restaurar el orden en el universo de una vez por todas, sin importar cuáles son las consecuencias... Cuarta y última entrega de la saga \"Vengadores\".</p>', 40, 13, 65, 10, 8),
(151, 'Ant-Man', 'img/ant_man-spain1.jpg', 2015, 117, 'N', '<p>Tras abandonar la cárcel, el ladrón y estafador Scott Lang (Paul Rudd) recibe la llamada del misterioso Dr. Hank Pym (Michael Douglas) para realizar un trabajo especial. El científico suministra al joven un traje especial, que le otorgar la capacidad de reducir su tamaño al de un insecto, al tiempo que aumenta considerablemente su fuerza. Con esta nueva arma en su poder, capaz de comunicarse con los insectos, Lang deberá abrazar su héroe interior, olvidar su pasado de delincuente y tratar de salvar al mundo de una terrible amenaza.</p>', 94, 117, 101, 10, 8),
(152, 'Ant-Man (II)', 'img/ant_man_and_the_wasp-spain2.jpg', 2018, 118, 'N', '<p>Después de \"Capitán América: Guerra Civil\", Scott Lang lidia con las consecuencias de sus elecciones como superhéroe y padre. Mientras lucha por mantener un equilibrio entre su vida hogareña y sus responsabilidades como Ant-Man, se enfrenta a Hope van Dyne y al Dr. Hank Pym con una nueva misión urgente. Scott debe volver a ponerse el traje y aprender a luchar junto con La Avispa mientras el equipo trabaja en conjunto para descubrir secretos del pasado.</p>', 94, 117, 101, 10, 8),
(153, '4 bodas y un funeral', 'img/cuatro_bodas_y_un_funeral1.jpg', 1994, 118, 'N', '<p>Charles (Hugh Grant) y sus amigos, todos ellos solteros y sin compromiso, han llegado a una edad en la que casi todos sus conocidos se han casado. En una de las bodas, a la que el grupo ha sido invitado, Charles conoce a Carrie (Andie Macdowell), una americana de la que se enamora a primera vista. Esa noche la pasan juntos, pero no vuelven a verse. Tendrán que esperar a la siguiente boda, en la que Carrie le presenta a su prometido.</p>', 95, 118, 102, 3, 28),
(154, 'Principe de Persia', 'img/principe_de_persia_spain1.jpg', 2010, 116, 'N', '<p>En el medio oriente, un príncipe persa (Jake Gyllenhaal) se alía con la princesa de un reino vecino (Gemma Arterton) para proteger el secreto de las Arenas del Tiempo y también para capturar al asesino del rey de Persia, el cual pretende retroceder en el tiempo para cambiar una serie de acontecimientos. Adaptación al cine de los videojuegos del mismo nombre.</p>', 96, 119, 102, 4, 2),
(155, 'Equipo a la fuerza', 'img/equipo_a_la_fuerza_spain1.jpg', 2000, 118, 'N', '<p>Una brutal huelga de la Liga Nacional de Fútbol americano, deja en el aire los anhelados play-off. Los Washington Sentinels tenían al alcance de la mano llegar a la final, pero como no pueden contar con sus estrellas deciden contratar temporalmente a un grupo de aficionados para quienes ésta es la gran oportunidad de sus grises y anodinas vidas.</p>', 97, 120, 103, 3, 1),
(156, 'Notting Hill', 'img/notting_hill-686655867-large.jpg', 1999, 124, 'N', '<p>William (Hugh Grant), tranquilo propietario de una pequeña librería de viajes en el popular barrio londinense de Notting Hill, conoce un día por casualidad a la famosa Anna Scott (Julia Roberts), la estrella más rutilante del firmamento cinematográfico actual. Desde el momento en que la actriz entra en su tienda, la vida de William empezará a cambiar.</p>', 95, 121, 104, 3, 28),
(157, 'Corazón de tinta', 'img/corazon_de_tinta_spain.jpg', 2008, 106, 'N', '<p>Meggie es una niña cuyo padre posee el don de hacer reales los personajes de los cuentos que le lee en voz alta. Una noche, desafortunadamente, da vida a un villano que lo secuestra con la ayuda de sus secuaces. Entonces Meggie, acompañada de un grupo de amigos reales y de ficción, intentará salvarlo.</p>', 44, 3, 105, 4, 13),
(158, 'Tú la letra, yo la música', 'img/tu_la_letra_yo_la_musica.jpg', 2007, 96, 'N', '<p>Alex Fletcher (Hugh Grant), un ex cantante pop de los 80 que está en plena decadencia, se limita a actuar en las ferias de pueblo y otros lugares de diversión. Cuando, de repente, la diva Cora Corman lo invita a hacer un dueto en su nuevo disco, Alex, que no ha escrito una canción desde hace muchos años, tiene que crear un \"hit\" en pocos días. Pero su amiga Sophie Fisher (Drew Barrymore) le ayudará a escribir la letra. Al principio, Sophie, que acaba de salir de una mala relación amorosa, no tiene ánimo para colaborar con nadie. Pero, finalmente, tanto ella como Álex se dan cuenta de que deben enfrentarse a sus miedos.</p>', 95, 122, 106, 3, 1),
(159, 'Doctor Extraño', 'img/doctor_strange_spain.jpg', 2016, 115, 'N', '<p>La vida del Dr. Stephen Strange cambia para siempre tras un accidente automovilístico que le deja muy malheridas sus manos. Cuando la medicina tradicional falla, se ve obligado a buscar esperanza y una cura en un lugar impensable: una comunidad aislada en Nepal llamada Kamar-Taj. Rápidamente descubre que éste no es sólo un centro de recuperación, sino también la primera línea de una batalla en contra de fuerzas oscuras y ocultas empeñadas en destruir nuestra realidad. En poco tiempo, Strange, armado con sus poderes mágicos recientemente adquiridos, se ve obligado a elegir entre volver a su antigua vida de riqueza y prestigio o dejarlo todo, para defender el mundo como el mago más poderoso del planeta. Adaptación del cómic creado por Stan Lee y Steve Ditko.</p>', 98, 123, 107, 10, 8),
(160, 'Doctor Extraño (II)', 'img/doctor_strange_in_the_multiverse_of_madness_spain2.jpg', 2022, 126, 'N', '<p>Viaja a lo desconocido con el Doctor Strange, quien, con la ayuda de tanto antiguos como nuevos aliados místicos, recorre las complejas y peligrosas realidades alternativas del multiverso para enfrentarse a un nuevo y misterioso adversario.</p>', 98, 124, 25, 10, 8),
(161, 'Furia de titanes (1981)', 'img/furia_de_titanes_antigua_3.jpg', 1981, 118, 'N', '<p>Cuando el rey de Argos está a punto de sacrificar a su hija Dánae y a su nieto Perseo, Zeus (padre del niño) decide salvarlos y arrasar la ciudad. Perseo crece feliz hasta que la diosa Thetis para vengarse de Zeus, que ha castigado a su hijo Calibos con una horrible deformidad, lo secuestra y lo abandona a su suerte. Al conocer la noticia, Zeus ordena a los demás dioses que ofrezcan a su hijo regalos que le permitan defenderse: una espada capaz de cortar la piedra, un casco que lo vuelve invisible y un escudo que lo hace invulnerable. Con estas armas se dirige a la ciudad de Joppa, cuya princesa es víctima de una maldición.</p>', 99, 125, 108, 15, 11),
(162, 'Furia de titanes (2010)', 'img/furia_de_titanes_actual_spain1bis.jpg', 2010, 106, 'N', '<p>Adaptación libre del mito de Perseo, hijo de Zeus, el padre de los dioses griegos. Perseo y su madre Dánae, son encerrados en un cofre por Acrisio, su abuelo, y arrojados al mar. Arrastrados por la corriente, llegan a la isla de Sérifos, donde Perseo alcanza la madurez. Cuando sepa cuál es la misión que le ha sido encomendada por el Destino, emprenderá un durísimo viaje, en el que tendrá que ir superando diversas pruebas. Remake del clásico de Desmond Davis de 1981.</p>', 25, 119, 109, 15, 1),
(163, 'Ira de titanes', 'img/ira_de_titanes_spain_bis.jpg', 2012, 99, 'N', '<p>Diez años después de los sucesos de \"Furia de titanes\", Perseo (Sam Worthington) está decidido a llevar una vida tranquila con su hijo Helio (John Bell). Sin embargo, los dioses, debilitados por la falta de fe de la humanidad, pierden el control sobre los Titanes, cuyo líder no es otro que Kronos, el padre de Zeus (Liam Neeson), Hades (Ralph Fiennes) y Poseidón (Danny Huston). Cuando Hades y Ares (Edgar Ramírez) llegan a un acuerdo con Kronos para capturar a Zeus, entonces Perseo tendrá que abandonar su apacible vida para rescatarlo, misión en la que cuenta con la ayuda de Andrómeda (Rosamund Pike), Agénor (Toby Kebbell) y Hefesto (Bill Nighy).</p>', 25, 126, 110, 15, 1),
(164, 'Inmortales', 'img/inmortales1.jpg', 2011, 110, 'N', '<p>Un terrible peligro amenaza la Tierra: enloquecido por el poder, el brutal rey Hiperión (Mickey Rourke) ha declarado la guerra a los hombres. Después de reunir a un ejército sediento de sangre formado por soldados que él mismo mandó desfigurar, Hiperión quema Grecia mientras busca un arma de poder inconcebible: el legendario arco Epiro, hecho por Ares en el Olimpo. El hombre que posea ese arco podrá liberar a los Titanes, que están encerrados en el monte Tártaro desde el principio de los tiempos, y claman venganza. Sin embargo, en manos de Hiperión, el arco significaría la destrucción de la raza humana y la aniquilación de los dioses. Pero, como la ley prohíbe que los dioses se entrometan en los conflictos humanos, nada pueden hacer para detener al rey. Pero la esperanza renace cuando Zeus encomienda al campesino Teseo (Henry Cavill) la misión de acabar con Hiperión. Después de reunir a un grupo de hombres entre los que se encuentra la visionaria sacerdotisa Fedra (Freida Pinto) y el astuto esclavo Stavros (Stephen Dorff), el héroe se pondrá al frente de la rebelión.</p>', 54, 127, 111, 15, 29),
(165, 'El Hobbit (II)', 'img/el-hobbit-la-desolacion-de-smaug-original-spain.jpg', 2013, 160, 'N', '<p>\"El Hobbit: La Desolación de Smaug\" continua la aventura de Bilbo Bolsón en su viaje con el mago Gandalf y trece enanos liderados por Thorin Escudo de Roble en una búsqueda épica para reclamar el reino enano de Erebor. En su camino toparán con multitud de peligros y harán frente al temible dragón Smaug.</p>', 20, 117, 17, 4, 13),
(166, 'El Hobbit (III)', 'img/el-hobbit-la-batalla-de-los-cinco-ejercitos-original-dragon.jpg', 2014, 144, 'N', '<p>Después de haber recuperado el reino del Dragón Smaug en la montaña, la Compañía ha desencadenado, sin querer, una potencia maligna. Un Smaug enfurecido vuela hacia la Ciudad del Lago para acabar con cualquier resto de vida. Obsesionado con las enormes riquezas en su poder, el rey enano Thorin se vuelve codicioso, mientras Bilbo intenta hacerle entrar en razón haciendo algo desesperado y peligroso. Pero hay aún mayores peligros por delante. Sin la ayuda del mago Gandalf, su gran enemigo Sauron ha enviado legiones de orcos hacia la Montaña Solitaria en un ataque épico. Cuando la oscuridad se cierna sobre ellos, las razas de los Enanos, Elfos y Hombres deberán decidir si unirse o ser destruidos. Bilbo se encontrará así en la batalla épica de los Cinco Ejércitos, donde el futuro de la Tierra Media está en juego.</p>', 20, 117, 17, 4, 13),
(167, 'La isla de las cabezas cortadas', 'img/la_isla_de_las_cabezas_cortadas.jpg', 1995, 123, 'N', '<p>La pirata Morgan Adams y su esclavo, William Shaw, emprenden la búsqueda de los tres fragmentos necesarios para reconstruir el mapa de un tesoro. Por desgracia, su cruel tío Dawg es el propietario del último trozo. Como la tripulación no considera que tenga dotes de mando, Adams, antes de iniciar la aventura, tendrá que sofocar un conato de motín. La situación se complicará aún más cuando la Corona Británica trate de acabar con sus incursiones.</p>', 101, 128, 112, 1, 11),
(168, 'El increíble Hulk', 'img/the_incredible_hulk-spain.jpg', 2008, 114, 'N', '<p>El científico Bruce Banner (Edward Norton) recorre el mundo en busca de un antídoto que le permita librarse de su Alter Ego. Perseguido por el ejército y dominado por su propia rabia, es incapaz de sacarse de la cabeza a Betty Ross (Liv Tyler), por lo que decide volver a la civilización. Mientras se enfrenta a una extraña criatura, el agente de la KGB Emil Blonsky (Tim Roth) se expone a una dosis de radiación más intensa que la que convirtió a Bruce en Hulk. Emil hace responsable a Hulk de su terrible situación, y la ciudad de Nueva York se convierte en el escenario de la última batalla entre las dos criaturas más poderosas que jamás pisaron la Tierra.</p>', 102, 24, 109, 10, 8),
(169, 'Ahora me ves...', 'img/ahora_me_ves.jpg', 2013, 124, 'N', '<p>Un equipo del FBI debe enfrentarse a una banda de criminales expertos en magia que se dedican a atracar bancos. Son \"los cuatro jinetes”, un grupo formado por los mejores ilusionistas del mundo. Durante los atracos, siempre contra hombres de negocios corruptos, hacen llover el dinero robado sobre los espectadores, ante la atónita mirada de un equipo de élite del FBI que les sigue la pista.</p>', 103, 129, 109, 17, 23),
(170, 'Sin límites', 'img/sin_limites_spain.jpg', 2011, 105, 'N', '<p>El escritor Eddie Morra (Bradley Cooper) sufre una grave crisis de creatividad. Un día prueba una nueva droga que le permite sacar el máximo partido a sus facultades mentales. De este modo, consigue triunfar en Nueva York. Un poderoso magnate de Wall Street (Robert De Niro) siente una irreprimible curiosidad por averiguar qué se esconde detrás de tanto éxito.</p>', 104, 130, 113, 17, 30),
(171, 'Sucker Punch', 'img/sucker_punch-497547778-large.jpg', 2011, 109, 'N', '<p>Ambientada en los años 50. Una chica es internada por su padrastro en una institución psiquiátrica para que le practiquen una lobotomía. Mientras espera, su imaginación crea una realidad alternativa que podría salvarla de su dramática situación. A partir de ahí, la joven comienza a preparar su fuga, cuyo éxito depende del robo de cinco objetos.</p>', 105, 130, 55, 17, 1),
(172, 'Drive', 'img/drive-467825966-large.jpg', 2011, 100, 'N', '<p>Durante el día, Driver (Ryan Gosling) trabaja en un taller y es conductor especialista de cine, pero, algunas noches de forma esporádica, trabaja como chófer para delincuentes. Shannon, su jefe, que conoce bien su talento al volante, lo mismo le busca directores de cine y televisión que criminales que necesiten al mejor conductor para sus fugas, llevándose la correspondiente comisión. Pero el mundo de Driver comienza a cambiar el día en que conoce a Irene (Carey Mulligan), una guapa vecina que tiene un hijo pequeño y a su marido en la cárcel.</p>', 106, 131, 114, 17, 31),
(173, 'El ilusionista', 'img/el_ilusionista.jpg', 2006, 110, 'N', '<p>En la Viena de 1900, el misterioso Eisenheim (Edward Norton) cautiva al público con sus espectáculos de magia e ilusionismo. Sus poderes sobrenaturales llegan a oídos del príncipe heredero Leopold (Rufus Sewell), un hombre escéptico que acude al espectáculo acompañado de su prometida, la bella y sofisticada Sophie (Jessica Biel). Sospechando un fraude por parte de Eisenheim, el príncipe encarga al perspicaz inspector de policía Uhl (Paul Giamatti) que lo vigile de cerca.</p>', 102, 132, 113, 5, 32),
(174, 'Caballeros del zodiaco', 'img/los_caballeros_del_zodiaco_spain.jpg', 2023, 112, 'N', '<p>Seiya (Mackenyu), un testarudo adolescente callejero, se pasa el tiempo luchando por dinero mientras busca a su hermana secuestrada. Cuando en una de sus peleas se le revelan poderes místicos que desconocía, Seiya se ve inmerso en un mundo de santos en guerra, antiguos entrenamientos mágicos y una diosa reencarnada que necesita su protección. Para sobrevivir, tendrá que aceptar su destino y sacrificarlo todo para ocupar el lugar que le corresponde entre Los Caballeros del Zodiaco.</p>', 107, 133, 115, 15, 33),
(175, 'Mago de Oz (2013)', 'img/oz_the_great_and_powerful-293678777-large.jpg', 2013, 127, 'N', '<p>Oscar Diggs (James Franco), un mago de circo de dudosa reputación, tiene que abandonar la polvorienta Kansas y trasladarse al brillante País de Oz. Está convencido de que a partir de ahora la fama y la fortuna le sonreirán. Pero, cuando las brujas Theodora (Mila Kunis), Evanora (Rachel Weisz) y Glinda (Michelle Williams) empiezan a dudar de su categoría como mago, empezará a tener problemas. Si quiere triunfar, tendrá que averiguar cuanto antes quiénes son los buenos y quiénes los malos.</p>', 108, 134, 25, 4, 2),
(176, 'Mago de Oz (1939)', 'img/mago_de_oz_antigua.jpg', 1939, 98, 'S', '<p>Dorothy, que sueña con viajar \"más allá del arco iris\", ve su deseo hecho realidad cuando un tornado se la lleva con su perrito al mundo de Oz. Pero la aventura sólo acaba de comenzar: tras ofender a la Malvada Bruja del Oeste (Margaret Hamilton), aconsejada por la Bruja Buena del Norte (Billie Burke), la niña se dirige por el Camino Amarillo hacia la Ciudad Esmeralda, donde vive el todopoderoso Mago de Oz, que puede ayudarla a regresar a Kansas. Durante el viaje, se hace amiga del Espantapájaros (Ray Bolger), el Hombre de Hojalata (Jack Haley) y el León Cobarde (Bert Lahr). El Espantapájaros desea un cerebro, el Hombre de Hojalata quiere un corazón, y el León, el coraje que le falta; convencidos de que el Mago también les puede ayudar a ellos, deciden unirse a Dorothy en su odisea hasta la Ciudad Esmeralda.</p>', 110, 135, 116, 4, 11),
(177, 'La vida secreta de Walter Mitty', 'img/la_vida_secreta_de_Walter_Mitty.jpg', 2013, 114, 'N', '<p>El tímido empleado de una editorial consigue evadirse de su gris existencia imaginando que es el protagonista de grandes aventuras; un día, su sueño se hace realidad cuando conoce a una misteriosa mujer que le implica en una peligrosa misión... Remake de ‘La vida secreta de Walter Mitty’ (1947), película dirigida por Norman Z. McLeod e inspirada en un relato de James Thurber.</p>', 111, 136, 117, 1, 7),
(178, 'Darkman', 'img/darkman-spain.jpg', 1990, 96, 'N', '<p>Un científico que ha encontrado la fórmula para la fabricación de piel humana sintética es víctima de un atentado. Aunque todo el mundo lo da por muerto, consigue sobrevivir y rehace su rostro horriblemente desfigurado gracias a su descubrimiento. La nueva técnica, cuyos efectos sólo duran cien minutos, le permite adquirir las facciones de quien desee y vengarse así de los que destrozaron su vida.</p>', 112, 137, 25, 13, 9),
(179, 'Jasón y los argonautas', 'img/jason_and_the_argonauts-569374837-large.jpg', 1963, 104, 'N', '<p>A Pelías, usurpador del trono de Tesalia, le ha sido profetizado que Jasón un día volverá y le arrebatará el trono que le corresponde y, que si lo matase, él moriría también. Cuando ese día llega Pelías engaña al héroe haciéndose pasar por noble y diciéndole que el tirano se rendirá si encuentra el místico y misterioso vellocino de oro que se haya en la remota Cólquida. Siguiendo su consejo Jasón organiza unos juegos y escoge como tripulación para su nave Argo a héroes de toda Grecia, entre los que se encuentran Cástor, Peleo e incluso Hércules, pero también Acasto, hijo de Pelías. Con ellos emprenderá su viaje y se enfrentarán con gigantes de bronce y toda serie de monstruos. Aunque cuentan con la protección de Hera, reina de los dioses, Zeus solo le concede intervenir a su favor en cinco ocasiones.</p>', 113, 138, 118, 15, 34),
(180, 'Hércules (2014)', 'img/the_legend_of_hercules_spain2.jpg', 2014, 99, 'N', '<p>En la Grecia Antigua, año 1200 A.C. En un intento desesperado por liberar a su pueblo de la opresión de su vengativo esposo, la reina Alcmena dirige sus súplicas hacia los dioses y fruto de sus plegarias nace Hércules, engendrado por Zeus, padre de los dioses y los hombres. Ajeno a su verdadera identidad, Hércules sufre el desprecio del rey Anfitrión, quien favorece siempre a su hijo legítimo, Ificles.</p>', 114, 139, 112, 15, 23),
(181, 'Cómo entrenar a tu dragón', 'img/como_entrenar_a_tu_dragon1.jpg', 2010, 98, 'N', '<p>Ambientada en el mítico mundo de los rudos vikingos y los dragones salvajes, y basada en el libro infantil de Cressida Cowell, esta comedia de acción narra la historia de Hipo, un vikingo adolescente que no encaja exactamente en la antiquísima reputación de su tribu como cazadores de dragones. El mundo de Hipo se trastoca al encontrar a un dragón que le desafía a él y a sus compañeros vikingos, a ver el mundo desde un punto de vista totalmente diferente.</p>', 115, 23, 119, 18, 35),
(182, 'Cómo entrenar a tu dragón 2', 'img/how_to_train_your_dragon_2-spain.jpg', 2014, 102, 'N', '<p>Han pasado cinco años desde que Hipo empezó a entrenar a su dragón, rompiendo la tradición vikinga de cazarlos. Astrid y el resto de la pandilla han conseguido difundir en la isla un nuevo deporte: las carreras de dragones. Mientras realizan una carrera, atraviesan los cielos llegando a territorios inhóspitos, donde nadie antes ha estado. Durante un viaje descubren una cueva cubierta de hielo que resulta ser el refugio de cientos de dragones salvajes, a los que cuida un misterioso guardián. Hipo y los suyos se unen al guardián para proteger a los dragones de las fuerzas malignas que quieren acabar con ellos.</p>', 115, 23, 119, 18, 35),
(183, 'Cómo entrenar a tu dragón 3', 'img/como_entrenar_a_tu_dragon_parte3_1.jpg', 2019, 104, 'N', '<p>Lo que comenzó como la inesperada amistad entre un joven vikingo y un temible dragón Furia Nocturna se ha convertido en una épica trilogía que ha recorrido sus vidas. En esta nueva entrega, Hipo y Desdentao descubrirán finalmente su verdadero destino: para uno, gobernar Isla Mema junto a Astrid; para el otro, ser el líder de su especie. Pero, por el camino, deberán poner a prueba los lazos que los unen, plantando cara a la mayor amenaza que jamás hayan afrontado... y a la aparición de una Furia Nocturna hembra.</p>', 115, 23, 119, 18, 35),
(184, 'Ready Player One', 'img/ready_player_one-337365480-large.jpg', 2018, 140, 'N', '<p>Año 2045. Wade Watts es un adolescente al que le gusta evadirse del cada vez más sombrío mundo real a través de una popular utopía virtual a escala global llamada \"Oasis\". Un día, su excéntrico y multimillonario creador muere, pero antes ofrece su fortuna y el destino de su empresa al ganador de una elaborada búsqueda del tesoro a través de los rincones más inhóspitos de su creación. Será el punto de partida para que Wade se enfrente a jugadores, poderosos enemigos corporativos y otros competidores despiadados, dispuestos a hacer lo que sea, tanto dentro de \"Oasis\" como del mundo real, para hacerse con el premio.</p>', 116, 140, 9, 6, 1),
(185, 'The Creator', 'img/the_creator-spain1.jpg', 2023, 0, 'N', '<p>En medio de una futura guerra entre la raza humana y las fuerzas de la inteligencia artificial, Joshua, un curtido ex agente de las fuerzas especiales que sufre por la desaparición de su esposa, es reclutado para cazar y matar al Creador, el arquitecto de IA avanzada que ha desarrollado un arma misteriosa con el poder de poner fin a la guerra, e incluso a toda la humanidad. Joshua y su equipo de agentes de élite viajan a través de las líneas enemigas hasta el corazón oscuro del territorio ocupado por la IA. Una vez allí, descubren que el arma que acabará con el mundo y que les han ordenado destruir es una IA que ha adoptado la forma de una niña pequeña.</p>', 117, 141, 120, 6, 2),
(186, 'El dragón del lago de fuego', 'img/dragonslayer-101705665-large.jpg', 1981, 110, 'N', '<p>En los tiempo oscuros, la magia era un arma. El amor un misterio, la aventura estaba en todas partes... y los dragones eran reales. En las postrimerías de la Edad Media, un rey ha hecho un pacto con un dragón, por el cual el soberano le sacrifica vírgenes, a cambio de que la bestia no moleste el reino. Un aprendiz de mago, para salvar a una dama, se enfrentará al temible dragón.</p>', 118, 142, 121, 4, 3),
(187, 'Barbie', 'img/barbie-spain2.jpg', 2023, 114, 'N', '<p>Barbie (Margot Robbie) lleva una vida ideal en Barbieland, allí todo es perfecto, con chupi fiestas llenas de música y color, y todos los días son el mejor día. Claro que Barbie se hace algunas preguntas, cuestiones bastante incómodas que no encajan con el mundo idílico en el que ella y las demás Barbies viven. Cuando Barbie se dé cuenta de que es capaz de apoyar los talones en el suelo, y tener los pies planos, decidirá calzarse unos zapatos sin tacones y viajar hasta el mundo real.</p>', 106, 43, 122, 3, 1),
(188, 'El último mohicano', 'img/el_ultimo_mohicano1.jpg', 1992, 112, 'S', '<p>Año 1757, hace tres años que franceses e ingleses luchan en tierras norteamericanas. Mientras que los franceses cuentan con el apoyo de los nativos, los ingleses reclutan a los colonos blancos. Hawkeye -Ojo de halcón- (Daniel Day-Lewis) es un hombre blanco que fue adoptado por los indios mohicanos. Tras salvar de una emboscada de los hurones a Cora Munro (Madeleine Stowe) y a su hermana pequeña Alice (Jodhi May), hijas de un oficial británico, las acompaña hasta el fuerte inglés William Henry, que está sufriendo el asedio de los franceses y los hurones.</p>', 119, 143, 123, 2, 7),
(189, 'El imperio del fuego', 'img/Imperio_del_fuego_spain_modificado.jpg', 2002, 100, 'N', '<p>En Londres, Quinn, un niño de doce años, despierta sin querer a un enorme dragón de su letargo de siglos. Veinte años más tarde, pueden apreciarse las devastadoras consecuencias del paso de la bestia y de sus vástagos por todo el planeta. Los dragones son seres extremadamente inteligentes que no tienen ninguna intención de compartir la Tierra con los seres humanos. Quinn (Christian Bale) es ahora Jefe de Bomberos. Su trabajo consiste en mantener alejadas a las bestias para garantizar la supervivencia de una pequeña población. En medio de este caos aparece Van Zan (Matthew McConaughey), un norteamericano que asegura saber cómo acabar con los dragones y salvar a la humanidad.</p>', 23, 144, 124, 4, 15),
(190, 'Tadeo Jones', 'img/las_aventuras_de_tadeo_jones-752399816-large.jpg', 2012, 90, 'N', '<p>Debido a un malentendido, a Tadeo, un albañil soñador, lo confunden con un famoso arqueólogo y lo envían en una expedición al Perú. Con la ayuda de su fiel perro Jeff, una intrépida profesora, un loro mudo y un buscavidas, intentará salvar la mítica ciudad perdida de los Incas de una malvada empresa de cazatesoros. Adaptación del corto que ganó un Goya en 2004.</p>', 115, 23, 125, 18, 36),
(191, 'Star Wars (I)', 'img/star_wars_episode_i_the_phantom_menace_spain.jpg', 1999, 130, 'N', '<p>Ambientada treinta años antes que \"La guerra de las galaxias\" (1977), muestra la infancia de Darth Vader, el pasado de Obi-Wan Kenobi y el resurgimiento de los Sith, los caballeros Jedi dominados por el Lado Oscuro. La Federación de Comercio ha bloqueado el pequeño planeta de Naboo, gobernado por la joven Reina Amidala; se trata de un plan ideado por Sith Darth Sidious, que, manteniéndose en el anonimato, dirige a los neimoidianos, que están al mando de la Federación. El Jedi Qui-Gon Jinn y su aprendiz Obi-Wan Kenobi convencen a Amidala para que vaya a Coruscant, la capital de la República y sede del Consejo Jedi, y trate de neutralizar esta amenaza. Pero, al intentar esquivar el bloqueo, la nave real resulta averiada, viéndose así obligada la tripulación a aterrizar en el desértico y remoto planeta de Tatooine...</p>', 112, 52, 32, 6, 7),
(192, 'Star Wars (II)', 'img/star_wars_episode_ii_attack_of_the_clones-spain.jpg', 2002, 136, 'N', '<p>Corren tenebrosos tiempos para la República, que continúa envuelta en luchas y sumida en el caos. Un movimiento separatista, formado por centenares de planetas y poderosas alianzas encabezadas por el misterioso conde Dooku, amenaza la galaxia. Ni siquiera los Jedi parecen capaces de conjurar el peligro. Este movimiento provoca el estallido de las guerras clones, que representa el principio del fin de la República. Para allanar el camino, los separatistas intentan asesinar a la senadora Padme Amidala. Para evitar futuros atentados, su seguridad es encomendada a dos caballeros Jedi...</p>', 93, 52, 32, 6, 7),
(193, 'Star Wars (III)', 'img/star_wars_episode_iii_revenge_of_the_sith-spain.jpg', 2005, 135, 'N', '<p>Último capítulo de la trilogía de precuelas de Star Wars, en el que Anakin Skywalker definitivamente se pasa al lado oscuro. En el Episodio III aparece el General Grievous, un ser implacable mitad-alien mitad-robot, el líder del ejército separatista Droid. Los Sith son los amos del lado oscuro de la Fuerza y los enemigos de los Jedi. Fueron prácticamente exterminados por los Jedi hace mil años, pero esta orden del mal sobrevivió en la clandestinidad.</p>', 120, 52, 32, 6, 7),
(194, 'Star Wars (VII)', 'img/star_wars_episode_vii_the_force_awakens-780057709-large.jpg', 2015, 135, 'N', '<p>Treinta años después de la victoria de la Alianza Rebelde sobre la segunda Estrella de la Muerte (hechos narrados en el Episodio VI: El retorno del Jedi), la galaxia está todavía en guerra. Una nueva República se ha constituido, pero una siniestra organización, la Primera Orden, ha resurgido de las cenizas del Imperio Galáctico. A los héroes de antaño, que luchan ahora en la Resistencia, se suman nuevos héroes: Poe Dameron, un piloto de caza, Finn, un soldado desertor de la Primera Orden, Rey, una joven chatarrera, y BB-8, un androide rodante. Todos ellos luchan contra las fuerzas del Mal: el Capitán Phasma, de la Primera Orden, y Kylo Ren, un temible y misterioso personaje que empuña un sable de luz roja.</p>', 2, 41, 97, 6, 37),
(195, 'Star Wars (VIII)', 'img/star_wars_the_last_jedi-745070781-large.jpg', 2017, 150, 'N', '<p>La malvada Primera Orden se ha vuelto más poderosa y tiene contra las cuerdas a la Resistencia, liderada por la General Leia Organa (Carrie Fisher). El piloto Poe Dameron (Oscar Isaac) encabeza una misión para intentar destruir un acorazado de la Primera Orden. Mientras tanto, la joven Rey (Daisy Ridley) tendrá que definir su futuro y su vocación, y el viejo jedi Luke Skywalker (Mark Hamill) revaluar el significado de su vida.</p>', 121, 145, 126, 6, 37),
(196, 'Star Wars (VIIII)', 'img/star_wars_the_rise_of_skywalker-490208627-large.jpg', 2019, 141, '', '<p>Un año después de los eventos de \"Los últimos Jedi\", los restos de la Resistencia se enfrentarán una vez más a la Primera Orden, involucrando conflictos del pasado y del presente. Mientras tanto, el antiguo conflicto entre los Jedi y los Sith llegará a su clímax, lo que llevará a la saga de los Skywalker a un final definitivo. Final de la trilogía iniciada con \"El despertar de la Fuerza\".</p>', 121, 145, 97, 6, 37),
(197, 'Aladdin', 'img/aladdin-spain1.jpg', 1992, 87, 'S', '<p>Basada en el famoso cuento \"Aladino y la lámpara maravillosa\", la trama se sitúa en el exótico paisaje del mítico reino árabe de Agrabah. Aladdin es un ingenioso joven que, a pesar de vivir en un estado de extrema pobreza, sueña con casarse con la bella hija del sultán, la princesa Yasmin. El destino interviene cuando el astuto visir del Sultán, Yafar, recluta a Aladdin para que le ayude a recuperar una lámpara mágica de las profundidades de la Cueva de las Maravillas. El joven encuentra la lámpara, en la que vive un genio que concede tres deseos a quien lo libere.</p>', 28, 23, 127, 18, 2),
(198, 'Footloose (1984)', 'img/footloose-317357788-large.jpg', 1984, 107, 'N', '<p>Ren (Kevin Bacon), un adolescente recién llegado de Chicago, se ha mudado con su familia a un pequeño pueblo del medio oeste donde el estricto pastor Shaw Moore (John Lithgow) ha prohibido el baile a los jóvenes. Pero Ren, que además de rebelde es un entusiasta de la música, intentará por todos los medios acabar con esa prohibición, al tiempo que se enamora de Ariel (Lori Singer), la hija de Moore.</p>', 122, 146, 128, 14, 3),
(199, 'Footloose (2011)', 'img/footloose-2011-spain1.jpg', 2011, 113, 'N', '<p>Remake de la película homónima que narra la historia de un pueblo donde se prohíbe bailar rock & roll a los jóvenes. El motivo está relacionado con una tragedia ocurrida tiempo atrás, cuando cuatro jóvenes murieron en un accidente tras una fiesta con baile y alcohol. A ese pueblo tres años después llega un chico apasionado por el baile, que hará que los jóvenes del lugar se rebelen contra esa situación y reivindiquen su derecho a disfrutar de la vida.</p>', 123, 147, 129, 14, 3),
(200, 'Super 8', 'img/super_8-spain.jpg', 2011, 107, 'N', '<p>Año 1979, en una pequeña población de Ohio. Joe Lamb (Joel Courtney), un muchacho que vive en un pueblo de Ohio, acaba de perder a su madre en un accidente y vive con su padre, que es policía (Kyle Chandler). Meses después, durante el verano, Joe y sus amigos ruedan una película de zombis en Super 8 cuando contempla cómo una camioneta se estrella contra un tren de mercancías, provocando su descarrilamiento y un terrible accidente. A partir de ese momento cosas extrañas e inexplicables comienzan a suceder en el pueblo.</p>', 124, 148, 97, 6, 3),
(201, 'Un buen año', 'img/un_buen_anio_spain1.jpg', 2006, 118, 'N', '<p>Max Skinner (Russell Crowe), un experto en inversiones viaja desde Londres hasta Provenza para vender un pequeño viñedo que ha heredado de un tío al que estuvo muy unido en su niñez. Lo que no esperaba en absoluto es que éste fuera el punto de partida de un estimulante capítulo de su vida.</p>', 125, 149, 8, 3, 7),
(202, 'Gladiator', 'img/gladiator-spain.jpg', 2000, 150, 'S', '<p>En el año 180, el Imperio Romano domina todo el mundo conocido. Tras una gran victoria sobre los bárbaros del norte, el anciano emperador Marco Aurelio (Richard Harris) decide transferir el poder a Máximo (Russell Crowe), bravo general de sus ejércitos y hombre de inquebrantable lealtad al imperio. Pero su hijo Cómodo (Joaquin Phoenix), que aspiraba al trono, no lo acepta y trata de asesinar a Máximo.</p>', 125, 150, 8, 2, 9),
(203, 'Hércules (2014)', 'img/hercules-spain.jpg', 2014, 95, 'N', '<p>Hércules, como todos los héroes griegos, es un semidios. Tras realizar los terribles doce trabajos que le fueron impuestos y tras perder a su familia, decide darle la espalda a los dioses y encontrar consuelo en la búsqueda de aventuras. Gracias a sus andanzas, ha encontrado hombres afines que se han unido a él, pues comparten su amor por el combate y no temen la presencia constante de la muerte en sus vidas. El rey de Tracia pretende que estos hombres formen un ejército invencible. Adaptación de la novela gráfica de 2008 \"Hercules: The Thracian War\"</p>', 46, 151, 130, 15, 3),
(204, 'Godzilla', 'img/godzilla-741312933-large.jpg', 1998, 130, 'N', '<p>Las pruebas nucleares realizadas por los franceses en el Pacífico provocan la aparición en el océano de un gigantesco reptil mutante, que ha sido localizado tras atacar un barco de pesca japonés. Pero lo peor es que el monstruo es anfibio y saldrá del océano para dirigirse a Nueva York, en cuyas calles causará el pánico.</p>', 86, 152, 80, 12, 12),
(205, 'Love Actually', 'img/love_actually-spain-corregido.jpg', 2003, 128, 'N', '<p>En Londres, poco antes de las Navidades, se entrelazan una serie de historias divertidas y conmovedoras. \"Love, Actually\" es una manera abreviada de decir “Love Actually Is All Around” y éste es precisamente el argumento de la película: mires a donde mires, encontrarás el amor en todas partes. Todos los personajes, cada uno a su manera (un primer ministro, una vieja estrella del rock, una asistenta portuguesa que sólo habla su idioma), están relacionados con los aspectos más divertidos, tristes, ingenuos y estúpidos del amor.</p>', 95, 51, 131, 3, 9);
INSERT INTO `peliculas` (`pk_id_pelicula`, `titulo`, `cartel_pelicula`, `anio`, `duracion`, `oscar_pelicula`, `resumen`, `fk_id_actor`, `fk_id_actriz`, `fk_id_director`, `fk_id_genero`, `fk_id_produccion`) VALUES
(206, 'Atrapa a un ladrón', 'img/atrapa-a-un-ladron.jpg', 1955, 97, 'S', '<p>A pesar de que John Robie \"El Gato\" (Cary Grant) ha abandonado su oficio de ladrón de joyas, se convierte en el principal sospechoso de una serie de robos de piedras preciosas en los más lujosos hoteles de la Riviera francesa; así que no tendrá más remedio que demostrar su inocencia. Cuando conoce a una caprichosa heredera (Grace Kelly), ve la oportunidad de desenmascarar al misterioso ladrón, utilizando como señuelo las fabulosas joyas de la madre de la joven.</p>', 55, 153, 132, 17, 3),
(207, 'Bailando hasta el amanecer', 'img/bailando-hasta-el-amanecer.jpg', 1988, 100, 'N', '<p>Fiesta de promoción en el Instituto Hoover. Todos los asistentes, jóvenes dispuestos a desfasar, ligar y pasarlo en grande, tendrán su oportunidad durante la larga noche. Los más apuestos y populares quizá encuentren a chicas hasta entonces desconocidas, y viceversa. Y los adultos también tendrán su ración de fiestecita.</p>', 126, 154, 133, 14, 38),
(208, 'Wonka', 'img/wonka-2.jpg', 2023, 1, 'N', '<p>Película sobre el joven Willy Wonka y cómo conoció a los Oompa-Loompas.</p>', 43, 155, 134, 4, 1),
(209, 'Cualquiera menos tú', 'img/cualquiera_menos_tu1.jpg', 2023, 103, 'N', '<p>Bea y Ben parecen la pareja perfecta, pero tras una increíble primera cita sucede algo que enfría su fuerte atracción, hasta que se encuentran inesperadamente en una boda en Australia. Obligados a verse, y a pesar de su rechazo mutuo, por conveniencia para ambos deciden fingir que son una pareja.</p>', 130, 159, 135, 3, 33),
(211, 'Argylle', 'img/argylle3.jpg', 2024, 139, 'N', '<p>Elly Conway (Bryce Dallas Howard) es una introvertida escritora amante de los gatos, autora superventas de las novelas de espías protagonizadas por Argylle (Henry Cavill), un glamuroso agente secreto con la misión de desbaratar una siniestra organización. En compañía de Aidan (Sam Rockwell), un espía real que odia a los felinos, Elly descubre que sus relatos se corresponden con las actividades de una red real de espionaje, comenzando un peligroso juego de persecuciones. Estos dos insólitos colaboradores, junto con el gato Alfie, tendrán que introducirse en su propia aventura para adelantarse a los asesinos y evitar una crisis mundial.</p>', 54, 160, 67, 2, 9),
(212, 'Máximo riesgo', 'img/maximo_riesgo.jpg', 1993, 115, 'N', '<p>A un experimentado alpinista de un equipo de salvamento (Stallone) la muerte de una persona durante un rescate le produce una depresión tan profunda que decide retirarse. Pero el accidente de un avión, secuestrado por una banda criminal, en plena montaña le obligará a realizar la misión más difícil y peligrosa de su vida.</p>', 34, 161, 112, 2, 12),
(215, 'Back to Black', 'img/back_to_black.jpg', 2024, 122, 'N', 'La vida personal y profesional de la cantante y compositora Amy Winehouse, que comenzó como cantante de jazz para convertirse en una superestrella mundial de la música ganadora de varios premios Grammy. Su vida se truncó en 2011, a los 27 años, debido al consumo y abuso de alcohol y drogas.', 139, 164, 137, 20, 40);

-- --------------------------------------------------------

--
-- Estructura de tabla para la tabla `produccion`
--

CREATE TABLE `produccion` (
  `pk_id_produccion` int(11) NOT NULL,
  `nombre_produccion` varchar(100) NOT NULL
) ENGINE=InnoDB DEFAULT CHARSET=utf8mb4 COLLATE=utf8mb4_general_ci;

--
-- Volcado de datos para la tabla `produccion`
--

INSERT INTO `produccion` (`pk_id_produccion`, `nombre_produccion`) VALUES
(1, 'Warner Bros'),
(2, 'Walt Disney'),
(3, 'Paramount Pictures'),
(4, 'Amazon Studios'),
(5, 'Columbia Pictures'),
(6, 'ADS Service'),
(7, '20th Century Fox'),
(8, 'Marvel Studios'),
(9, 'Universal Pictures'),
(10, 'Bainet Taldea'),
(11, 'Metro-Goldwyn-Mayer'),
(12, 'TriStar Pictures'),
(13, 'New Line Cinema'),
(14, 'Republic Pictures'),
(15, 'Touchstone Pictures'),
(16, 'Roxbury Productions'),
(17, 'Miramax'),
(18, 'Dovemead Films'),
(19, 'United Artists'),
(20, 'Orion Pictures'),
(21, 'Thorn EMI Screen Entertainment'),
(22, 'Legendary Pictures'),
(23, 'Summit Entertainment'),
(24, 'Dino de Laurentiis'),
(25, 'Lionsgate'),
(26, 'Produzioni Europee Associati'),
(27, 'Constantin Film'),
(28, 'Polygram Filmed Entertainment'),
(29, 'Atmosphere Entertainment MM'),
(30, 'Relativity Studios'),
(31, 'FilmDistrict'),
(32, 'Michael London Productions'),
(33, 'Sony Pictures'),
(34, 'Coproducción Reino Unido-Estados Unidos'),
(35, 'DreamWorks Animation'),
(36, 'Telecinco Cinema'),
(37, 'Lucasfilm'),
(38, 'Konigsberg/Sanitsky Company'),
(39, 'Studio Ghibli'),
(40, 'Monumental Pictures');

-- --------------------------------------------------------

--
-- Estructura de tabla para la tabla `retrato`
--

CREATE TABLE `retrato` (
  `pk_id_retrato` int(11) NOT NULL,
  `titulo_pelicula` varchar(255) NOT NULL,
  `retrato` varchar(255) NOT NULL,
  `fk_id_pelicula` int(11) DEFAULT NULL
) ENGINE=InnoDB DEFAULT CHARSET=utf8mb4 COLLATE=utf8mb4_general_ci;

--
-- Volcado de datos para la tabla `retrato`
--

INSERT INTO `retrato` (`pk_id_retrato`, `titulo_pelicula`, `retrato`, `fk_id_pelicula`) VALUES
(1, 'La Guerra de las Galaxías', 'img/retratos/La Guerra de las Galaxias_greedo.jpg', NULL),
(2, 'La Cosa', 'img/retratos/La Cosa_macready.jpg', NULL),
(3, 'Django desencadenado', 'img/retratos/Django_django.jpg', NULL),
(4, 'Regreso al futuro ', 'img/retratos/Regreso_al_futuro.jpg', NULL);

--
-- Índices para tablas volcadas
--

--
-- Indices de la tabla `actores`
--
ALTER TABLE `actores`
  ADD PRIMARY KEY (`pk_id_actor`);
ALTER TABLE `actores` ADD FULLTEXT KEY `nombre_actor` (`nombre_actor`);

--
-- Indices de la tabla `actrices`
--
ALTER TABLE `actrices`
  ADD PRIMARY KEY (`pk_id_actriz`);
ALTER TABLE `actrices` ADD FULLTEXT KEY `nombre_actriz` (`nombre_actriz`);
ALTER TABLE `actrices` ADD FULLTEXT KEY `nombre_actriz_2` (`nombre_actriz`);

--
-- Indices de la tabla `director`
--
ALTER TABLE `director`
  ADD PRIMARY KEY (`pk_id_director`);
ALTER TABLE `director` ADD FULLTEXT KEY `nombre_director` (`nombre_director`);

--
-- Indices de la tabla `genero`
--
ALTER TABLE `genero`
  ADD PRIMARY KEY (`pk_id_genero`);
ALTER TABLE `genero` ADD FULLTEXT KEY `nombre_genero` (`nombre_genero`);

--
-- Indices de la tabla `peliculas`
--
ALTER TABLE `peliculas`
  ADD PRIMARY KEY (`pk_id_pelicula`),
  ADD KEY `fk_id_actor` (`fk_id_actor`),
  ADD KEY `fk_id_actriz` (`fk_id_actriz`),
  ADD KEY `fk_id_director` (`fk_id_director`),
  ADD KEY `fk_id_genero` (`fk_id_genero`),
  ADD KEY `fk_id_produccion` (`fk_id_produccion`);
ALTER TABLE `peliculas` ADD FULLTEXT KEY `titulo` (`titulo`,`resumen`);

--
-- Indices de la tabla `produccion`
--
ALTER TABLE `produccion`
  ADD PRIMARY KEY (`pk_id_produccion`);
ALTER TABLE `produccion` ADD FULLTEXT KEY `nombre_produccion` (`nombre_produccion`);

--
-- Indices de la tabla `retrato`
--
ALTER TABLE `retrato`
  ADD PRIMARY KEY (`pk_id_retrato`),
  ADD KEY `titulo_indice` (`titulo_pelicula`);

--
-- AUTO_INCREMENT de las tablas volcadas
--

--
-- AUTO_INCREMENT de la tabla `actores`
--
ALTER TABLE `actores`
  MODIFY `pk_id_actor` int(11) NOT NULL AUTO_INCREMENT, AUTO_INCREMENT=140;

--
-- AUTO_INCREMENT de la tabla `actrices`
--
ALTER TABLE `actrices`
  MODIFY `pk_id_actriz` int(11) NOT NULL AUTO_INCREMENT, AUTO_INCREMENT=165;

--
-- AUTO_INCREMENT de la tabla `director`
--
ALTER TABLE `director`
  MODIFY `pk_id_director` int(11) NOT NULL AUTO_INCREMENT, AUTO_INCREMENT=138;

--
-- AUTO_INCREMENT de la tabla `genero`
--
ALTER TABLE `genero`
  MODIFY `pk_id_genero` int(11) NOT NULL AUTO_INCREMENT, AUTO_INCREMENT=21;

--
-- AUTO_INCREMENT de la tabla `peliculas`
--
ALTER TABLE `peliculas`
  MODIFY `pk_id_pelicula` int(11) NOT NULL AUTO_INCREMENT, AUTO_INCREMENT=216;

--
-- AUTO_INCREMENT de la tabla `produccion`
--
ALTER TABLE `produccion`
  MODIFY `pk_id_produccion` int(11) NOT NULL AUTO_INCREMENT, AUTO_INCREMENT=41;

--
-- AUTO_INCREMENT de la tabla `retrato`
--
ALTER TABLE `retrato`
  MODIFY `pk_id_retrato` int(11) NOT NULL AUTO_INCREMENT, AUTO_INCREMENT=5;

--
-- Restricciones para tablas volcadas
--

--
-- Filtros para la tabla `peliculas`
--
ALTER TABLE `peliculas`
  ADD CONSTRAINT `peliculas_ibfk_1` FOREIGN KEY (`fk_id_actor`) REFERENCES `actores` (`pk_id_actor`),
  ADD CONSTRAINT `peliculas_ibfk_2` FOREIGN KEY (`fk_id_actriz`) REFERENCES `actrices` (`pk_id_actriz`),
  ADD CONSTRAINT `peliculas_ibfk_3` FOREIGN KEY (`fk_id_director`) REFERENCES `director` (`pk_id_director`),
  ADD CONSTRAINT `peliculas_ibfk_4` FOREIGN KEY (`fk_id_genero`) REFERENCES `genero` (`pk_id_genero`),
  ADD CONSTRAINT `peliculas_ibfk_5` FOREIGN KEY (`fk_id_produccion`) REFERENCES `produccion` (`pk_id_produccion`);
COMMIT;

/*!40101 SET CHARACTER_SET_CLIENT=@OLD_CHARACTER_SET_CLIENT */;
/*!40101 SET CHARACTER_SET_RESULTS=@OLD_CHARACTER_SET_RESULTS */;
/*!40101 SET COLLATION_CONNECTION=@OLD_COLLATION_CONNECTION */;
